rule.X,rule.Y,support(XY),support(X),confidence
A,C,2,2,1
B,C,2,3,0.666666666666667
B,E,3,3,1
B,CE,2,3,0.666666666666667
BC,E,2,2,1
BE,C,2,3,0.666666666666667
C,E,2,3,0.666666666666667
C,A,2,3,0.666666666666667
C,BE,2,3,0.666666666666667
C,B,2,3,0.666666666666667
CE,B,2,2,1
E,C,2,3,0.666666666666667
E,BC,2,3,0.666666666666667
E,B,3,3,1
