{"Factor":[-12.826521735508637,14.503279728807662,-4.0193372857401855,0.47430057400023873,-0.023571002957065362,0.0004144145875328815],"FitedYlist":[-1.8914353068104535,3.5332183906358643,5.506848882507323,5.6226211245192639,5.0571852529292709,4.6204063350412019,4.8050941197090138,5.8367327878407629,7.7232107029026267,10.304550161422647,13.302637143495076,16.370951063283741,19.144294519526596,21.288523046038989,22.550274862218089,22.8067006235475,22.115193172099225,20.763117287039904,19.317539435132403,18.674957521243186,20.111030638841385,25.330308820507526,36.515962788434535,56.379513704933743,88.210562922935878],"RMSE":5.0730562521334575,"SSE":643.39749343275912,"SSR":8635.5625064789238}