{"Factor":[-12.113913043478116,6.9818592840331171,-0.65455221107394224,0.020110244023287295],"FitedYlist":[-5.7664957264956529,-0.607521367521352,3.4836714975845124,6.6277443329616634,8.9453586027498311,10.557175771088724,11.583857302118073,12.146064659977615,12.364459308807064,12.359702712746135,12.252456335934543,12.16338164251205,12.213140096618361,12.522393162393165,13.211802303976256,14.4020289855073,16.213734671126062,18.767580824972228,22.184228911185514,26.584340393905677,32.08857673727249,38.81759940542554,46.892069862504655,56.432649572649552,67.55999999999986],"RMSE":9.1938121306598717,"SSE":2113.1545373467152,"SSR":7165.8054626532848}