{"Factor":[15.295652173940246,-10.958628805272914,2.3108455387719089,-0.15491890806749903,0.0033659452325150983],"FitedYlist":[6.4963159446042571,1.4362805776623024,-0.69279334692006511,-0.6184625635969393,1.0124988787579587,3.6340996168512589,6.7611309729699638,9.989166954981437,12.994564256333412,15.534462256053942,17.446783018751518,18.650231294614912,19.144294519413293,19.009242814496275,18.406128986793675,17.576788528815797,16.843839618653135,16.610683119976898,17.361502582038327,19.661264239669094,24.155717013281446,31.571392508867348,42.715605018000019,58.4764515178324,79.8228116710984],"RMSE":6.8687480437571047,"SSE":1179.4924922154264,"SSR":8099.4675077862557}