,dim_1,dim_2,label:class
sample_1,-0.7006304916406594,1.7188027873649823,5
sample_2,-1.340897251344018,4.197600716620836,0
sample_3,-3.3722657543215746,-1.8969528067062877,4
sample_4,1.9758395072778219,-3.79641414586506,1
sample_5,-2.142105314893327,-3.2121113885861265,9
sample_6,2.0574949340763915,1.4288426134962782,2
sample_7,3.812256973516468,-0.9046793963297122,1
sample_8,-0.7044170043848227,1.1026868989937655,3
sample_9,3.965742345977746,-1.0773558684703954,1
sample_10,-0.6821315826848836,-3.0295437516224335,4
sample_11,-0.8712940233720026,1.4149153657248905,3
sample_12,0.5999337236040273,2.706438807716651,5
sample_13,-2.200596767526935,1.4380081976485115,3
sample_14,0.8874819821026472,5.035343166468959,6
sample_15,3.994424371120578,-1.1959884608619602,1
sample_16,-0.7631235963236879,-4.892281671143741,7
sample_17,1.4802950837119302,1.2231398536679006,2
sample_18,0.17445458030375896,-0.20010912519010776,8
sample_19,1.300669038926371,4.812834894779497,6
sample_20,-0.7625911660787883,-4.135182637408244,9
sample_21,-3.509782649823189,-1.7043473346685967,4
sample_22,-1.340056921275486,4.473627285771247,0
sample_23,-0.8119767924793384,-3.566275660730025,9
sample_24,1.9363674195206078,-3.8862690635561483,1
sample_25,2.116928462215746,-0.9977059016895363,1
sample_26,0.55460117869717,0.7788626782055817,2
sample_27,-2.427438404576875,-3.2489403062203164,4
sample_28,-1.4219046973982317,1.3158547832130199,3
sample_29,-1.4443546341999938,-4.858381703600984,2
sample_30,0.1704097622009176,-4.184042987386741,7
sample_31,-2.4723017695512817,1.1708298683970548,3
sample_32,0.21569979761204539,-0.12490555345560574,8
sample_33,1.41652670915703,5.213323102003905,6
sample_34,-0.4715806465988401,-4.338484262582765,9
sample_35,-0.7394846250803964,3.5590929130931688,0
sample_36,0.35150135623532314,2.6504039671050057,5
sample_37,1.654999298275167,4.775309450834655,6
sample_38,-0.8527859175849779,3.6565587308330856,0
sample_39,-2.651999574279402,-4.0291813358024795,7
sample_40,1.2311408429859239,5.115540041113717,6
sample_41,3.3334206541530857,-1.8875845564349765,1
sample_42,-0.4332985730032669,0.038300958080807614,8
sample_43,-2.1064947062507122,-4.228137872553478,7
sample_44,-1.125854268683747,-3.899569273508567,9
sample_45,-1.7914999134163492,0.5804861946883412,3
sample_46,-1.7688677503674857,-3.421522769461581,9
sample_47,-1.1172391362235707,-0.02835338938445934,8
sample_48,0.1420516068119597,2.3607725178160237,5
sample_49,-1.5705437558695021,0.7581249261722599,9
sample_50,-0.8419317180345758,1.2708325372906288,3
sample_51,-1.4562813732811422,1.7746732513964278,3
sample_52,-1.8517069779438808,4.423220926636891,0
sample_53,-2.484446181429429,-4.870104215210593,7
sample_54,0.03847635870234257,-3.7463017381824466,4
sample_55,-1.9139619308303513,-3.2815039385300544,9
sample_56,-0.24946255334070497,-0.29136863449230044,8
sample_57,-2.3242727003212456,4.5981661628178445,0
sample_58,-0.9280096191547521,-3.6964938060436756,9
sample_59,-3.4182220098133187,-2.41039539647447,4
sample_60,2.207732154148526,-3.7922604256490704,1
sample_61,-3.293184786597899,-1.4687288591273693,4
sample_62,1.2425961121936173,-3.7333772672100416,4
sample_63,1.2171919903604318,4.479857476884736,6
sample_64,-1.4170176634000158,4.20544948451913,0
sample_65,-2.1367309210014205,-1.964135410444692,4
sample_66,0.669950398432647,2.688479719306816,5
sample_67,1.1663359965186983,4.570861398245601,6
sample_68,2.600997833713893,-2.879568429318911,1
sample_69,-2.4678585125102437,4.766740084828247,0
sample_70,-1.4512350990665923,3.4307892424274615,0
sample_71,3.5642168442936764,-1.2819340601755749,1
sample_72,-0.5788091058545416,-4.746435724145635,7
sample_73,3.8851306754999526,-1.684599561477206,1
sample_74,1.1611777242546402,4.70804752491542,6
sample_75,-1.6992536560786526,1.0098749223256918,3
sample_76,-1.098138142268952,3.7615848293764627,0
sample_77,1.2447005243378486,0.1528096707131763,2
sample_78,2.346887387089849,-3.325087112659325,1
sample_79,2.1957700980011183,-2.9692367124487,1
sample_80,-0.32345302892111016,-4.537520218127562,7
sample_81,-1.78377865550978,3.3534963340047743,9
sample_82,-1.051762958703462,3.6780183013995975,0
sample_83,1.5114751325591667,1.3571200146808202,2
sample_84,0.9317456996684861,4.869567508852181,6
sample_85,-2.424795696962847,-4.532503744423113,7
sample_86,-0.18398437722424785,0.17391001477401022,8
sample_87,-2.369081266240957,1.4394150405956567,3
sample_88,-0.907946875823425,-3.662373993674354,9
sample_89,-2.304413670481952,4.491879351636242,0
sample_90,-0.8951560466821276,-2.714724398995155,4
sample_91,1.0032010792259598,5.114335939063921,6
sample_92,-1.0736011053483903,-4.990245603129193,7
sample_93,-3.2166943856324717,-2.477875198042646,4
sample_94,1.1008881133927493,4.727565291543144,6
sample_95,-0.28462529032930123,-0.28485137405891986,8
sample_96,-1.2704072882931554,3.620092492827819,0
sample_97,-1.8681638519425081,-4.453788906464426,7
sample_98,-0.13920227099607488,-0.10647618705852789,8
sample_99,-1.6243618042349919,1.034350129631886,3
sample_100,2.2778047234963115,-3.1302595153236035,1
sample_101,0.14357178227428533,1.9408681674029555,5
sample_102,-2.524641488603615,-5.088348691338422,7
sample_103,3.9049217560514866,-1.5372044882793723,1
sample_104,-1.3746342215500822,-5.010549727201096,7
sample_105,4.019177473684159,-0.8956710943286909,1
sample_106,2.4443767480025533,-3.003845134324129,1
sample_107,1.1833841843059234,5.124690023095875,6
sample_108,-0.5549169095148087,1.356734537581989,3
sample_109,-2.3797735052556663,4.865301640834069,0
sample_110,2.4074415947732173,0.6483344314671161,2
sample_111,-3.556649534892585,-2.4918497954062575,9
sample_112,-1.410607755299315,0.8807007286705705,3
sample_113,3.4501925892016203,-1.7996302776073905,1
sample_114,2.316307196952549,-3.594593165227742,1
sample_115,-1.911468471094577,4.9529944495548515,0
sample_116,-1.0469211792100228,-2.8466816485770163,4
sample_117,-2.6105208514782205,-3.013742179806321,9
sample_118,1.9480038636412806,0.6541372501409238,2
sample_119,-1.811572011574999,4.077495009951521,0
sample_120,-1.1038748773910128,4.435561654766481,0
sample_121,-1.9920354140011998,-4.7910280622416845,2
sample_122,-2.31226587094016,4.768070054452585,0
sample_123,1.5887953732992377,0.6510339933402641,2
sample_124,-0.669760547578025,-4.932196797406112,7
sample_125,3.2119613669306997,-2.2249361926539866,1
sample_126,-0.3024433304172035,0.17613454995973876,8
sample_127,1.2791291112882495,5.04363632704615,6
sample_128,-0.6419999770127918,-2.941035384142924,4
sample_129,3.2875295520543677,-1.561111481965723,1
sample_130,1.3771377625326078,4.299717640127102,6
sample_131,-1.4293053543692142,0.9890955672427195,3
sample_132,-0.6331983591295918,-3.023146266692165,4
sample_133,3.5052286471943037,-1.0195594867479636,5
sample_134,-1.652033166981781,-3.843353307154038,9
sample_135,-2.1018730891860398,0.42958645219839175,1
sample_136,-0.40421023798126726,1.2328894898534244,3
sample_137,-2.128666583803451,1.1031945687064537,3
sample_138,0.2701951870388465,-0.6052331140140896,8
sample_139,-1.2806438217518024,2.4140477790203025,5
sample_140,-1.047439579559366,-3.0126014977789275,4
sample_141,-1.165712208947171,-4.55419393743922,7
sample_142,0.07472451791225741,-4.244638163985658,7
sample_143,-1.890316492825251,-3.076953824266683,4
sample_144,2.2080861538347776,0.7072185684297901,2
sample_145,-1.5943237752869286,0.23502512920176322,8
sample_146,0.5111825366239087,2.7180571165810163,5
sample_147,-0.02827008385441825,-0.10269825906030365,8
sample_148,1.5077456177430493,4.922248122392002,6
sample_149,-1.346866138817953,-3.246927258508434,7
sample_150,-2.0112915820257298,1.1616786547957232,3
sample_151,3.0657069411034965,-1.655942486599612,4
sample_152,1.1303041242603313,4.879574973388295,6
sample_153,3.0842259682737008,-2.2075995905844508,1
sample_154,-0.8435463496152007,-3.8856797584655243,9
sample_155,-2.6471209622690828,-4.283004663777803,9
sample_156,1.0549660745311449,4.60806513526673,6
sample_157,-1.610038830185577,4.830696232471554,0
sample_158,-0.4095839920780254,1.2392160636231875,3
sample_159,-3.7014547723484426,-1.8135694135925193,7
sample_160,1.9858353019495856,0.7686820704445146,2
sample_161,-1.2765813080783712,-0.04392035861757824,8
sample_162,0.4385265462726104,0.8602070961696332,2
sample_163,-2.8324214606469607,-3.254986276028637,9
sample_164,-0.3557196136863208,-3.1004986527354084,4
sample_165,-3.4292690120905305,-1.7726110492395122,4
sample_166,1.2900026104814766,4.84749503683051,6
sample_167,-1.3978647797635322,-2.9911707276541004,4
sample_168,-0.9996135160075652,-3.5677785439258547,9
sample_169,-1.0970519496530273,-4.299966045888107,7
sample_170,-1.1905778620660865,3.5505095824493003,0
sample_171,-2.8080273703360255,-3.201329917191506,9
sample_172,1.8904316374421692,0.7750376632552375,2
sample_173,-2.6433793280799422,-4.530616296144481,9
sample_174,0.6272678612123489,2.738395367253335,5
sample_175,3.281339333596645,-2.0004030097312615,1
sample_176,0.5360626924870742,2.743958736121169,5
sample_177,-2.8141453045990086,-3.4605888354800647,9
sample_178,2.222799968294242,-2.931955013053448,1
sample_179,-0.8709715861988379,4.245122960893892,2
sample_180,-0.884244079267479,1.0279530437831308,3
sample_181,2.882180127606985,-1.8060790887639364,2
sample_182,-0.4967781680754994,0.3829886456185946,3
sample_183,-1.8260395890309822,2.1343621274150304,5
sample_184,-1.5470822553405905,-3.58240894003812,9
sample_185,3.959090233434252,-0.982427031824596,1
sample_186,-1.3735106288253833,-5.088174081352617,7
sample_187,0.9713234406806573,5.745515633255493,6
sample_188,1.7963978694839535,0.7055182034896167,2
sample_189,-1.3687972247467324,-0.06760302233275499,8
sample_190,2.1599327081506505,0.6632249887512804,2
sample_191,1.896423184391586,0.6188699306960054,2
sample_192,0.5436130884055872,2.716149622053606,5
sample_193,-1.5864868943558674,3.930342409625739,0
sample_194,-1.0885038021630742,-4.986637597288489,7
sample_195,-3.0575265354330186,-2.28656935188108,4
sample_196,-0.7467548609069335,-3.7929238677204573,9
sample_197,-3.253305854450728,-4.272796279611674,7
sample_198,0.21157755177773627,-0.24919963471414605,8
sample_199,-1.8940012497135235,1.005169381058873,3
sample_200,2.1323065583274707,1.046167192569605,2
sample_201,3.9261661797437735,-0.868846376365612,1
sample_202,1.8553332029792529,-3.8238321910274293,1
sample_203,0.12230061185035951,0.035990653183371406,8
sample_204,-0.5177604784707074,0.7547827540793797,3
sample_205,1.6179653485248526,5.0634316300090765,6
sample_206,2.255841735866426,-3.8396349911887504,1
sample_207,-2.2307432173456867,4.747470888525975,0
sample_208,-0.48032868787259775,-0.5959354435262587,3
sample_209,2.87822257060742,-2.0669780517086447,1
sample_210,-2.39852462315913,4.749646806522335,0
sample_211,-2.039446089526868,3.9681888611163614,0
sample_212,2.935724340158312,-2.060781202429028,1
sample_213,3.6002890236410985,-1.1878192363094167,7
sample_214,1.9157027644690583,1.2261557333383695,2
sample_215,-2.9639837132882354,-4.5238033527269135,7
sample_216,-0.7582784334308772,1.4006109169116494,3
sample_217,-1.8081224030688474,3.5353845374707022,0
sample_218,-2.2150997475378267,-2.7390296398813807,4
sample_219,1.002842810478468,5.69616355897773,6
sample_220,-0.32593200604070033,2.6864231456082575,5
sample_221,0.9624494721092839,0.5775697068129629,2
sample_222,0.7903142034582971,5.47894805000084,6
sample_223,-3.4579162709550304,-1.7071051717574268,4
sample_224,-1.2675545622201714,-4.956870295906985,7
sample_225,0.4176550463846068,0.31074337857561185,1
sample_226,-0.1454962664111395,0.6225295136885342,8
sample_227,-3.191167505566513,-3.186550690156725,9
sample_228,-1.5932133709794662,-3.6891579186526693,9
sample_229,-2.1478894541898996,0.8837838879936718,3
sample_230,-2.4222619785915405,4.755804184046297,0
sample_231,-0.7868876815807346,-4.834411397814001,7
sample_232,2.992280353291008,-2.235073109010963,1
sample_233,-0.875290848399693,3.5287459328300517,0
sample_234,1.938138577776069,1.56820337854901,2
sample_235,-1.6623062961955428,3.839243006997325,0
sample_236,-0.49986937411123755,1.336181228064109,3
sample_237,0.05702304238379933,2.236582415300562,5
sample_238,-2.280456210458186,-2.4979576903812823,4
sample_239,0.893587387828774,5.502656310132777,6
sample_240,0.0020161060526413875,2.807680201791865,5
sample_241,3.067757097714142,-1.4268789724604143,8
sample_242,0.5677842476035869,5.822974457849525,6
sample_243,-1.1274851958051266,1.5586175454586724,3
sample_244,-1.7284183653778242,-4.948035248201432,7
sample_245,-1.9958960757552855,1.7393916010354746,5
sample_246,0.007837599008452392,0.0012621253581419026,8
sample_247,-2.3913059812714814,4.666002299156249,0
sample_248,-1.5277552997460475,-3.6869097858755033,9
sample_249,3.849391119818556,-0.8318969834405888,1
sample_250,-2.4477734957298605,4.774335587950897,0
sample_251,-2.5612692616316353,0.7981078578183415,3
sample_252,2.819802390764883,-2.068275490811295,1
sample_253,1.7842646154193333,0.340406630020122,2
sample_254,1.9956772147735011,1.8020540029308885,2
sample_255,-1.9058104734433425,1.8749817683037169,3
sample_256,-0.4028929669508247,1.3255219278772827,3
sample_257,1.7623813237484223,3.9182287584643185,6
sample_258,-1.4342062491494474,-2.736554139489386,4
sample_259,-1.6004857514834496,-4.390324332398496,7
sample_260,-0.0361393034559969,2.9371807594301984,5
sample_261,-1.8452821152096768,5.0945200654340415,0
sample_262,1.0051777212711952,4.930707528151809,6
sample_263,0.1989387171179774,4.2301447112411665,2
sample_264,-1.515867317630852,-5.009817320193734,7
sample_265,-3.6846400830196524,-2.266266419423466,9
sample_266,-0.0683264788380205,0.08624528457563771,8
sample_267,-1.5980351266546864,0.9979119944934564,5
sample_268,-1.990685747336384,-3.6614332880175984,9
sample_269,-2.1121776159412664,-4.276792014077575,2
sample_270,2.728218435686293,-2.684620682305167,1
sample_271,3.2359914169654327,-2.194233075050995,1
sample_272,-1.7205711823439989,-2.950379186975866,4
sample_273,-2.155433430984668,-2.4320211230193234,4
sample_274,-0.05090842809366526,2.765645366686116,5
sample_275,1.5255623542308812,4.2034496730298,6
sample_276,-1.7610785640822475,-2.4948617995351454,4
sample_277,3.0954336579596564,-2.256501553730076,1
sample_278,1.8837063202063524,1.7039293795485708,2
sample_279,-1.1063155651107437,2.332703915755635,5
sample_280,-0.5658233752052526,0.8842864544730816,3
sample_281,-1.7686631557512968,-3.4891782657457164,9
sample_282,-0.5236097040828247,1.3719969794443128,3
sample_283,-3.703007266141164,-2.2330015477544096,9
sample_284,-2.414968617063767,4.6708991344988675,0
sample_285,-2.303685145071628,1.9223568363335848,5
sample_286,-1.678554919336548,-3.7142262828152024,9
sample_287,1.2332796369612367,5.12322282536033,6
sample_288,0.20727950109354856,2.9521852543524263,5
sample_289,-2.3396832055841177,-4.435469454636545,7
sample_290,-1.7373954491012398,-2.768617079343643,4
sample_291,2.79541470394769,-2.616081041621041,1
sample_292,-0.44832312874772917,1.3873480189129637,3
sample_293,-2.0806494335462515,-2.974083745838177,4
sample_294,-1.7972261371618228,4.300853230350339,0
sample_295,-3.33518958125258,-1.5207718154394525,4
sample_296,0.06346726726329893,-0.07307965217823748,8
sample_297,-1.874995847469153,4.335517079197287,0
sample_298,-1.3898570238745975,-2.6210167215011997,4
sample_299,-2.154534372394421,1.3124290848891416,3
sample_300,0.7372009122272616,5.60633710584327,6
sample_301,-0.4278682263370045,-0.3777233562268614,8
sample_302,-1.279754034573894,-4.880105963514626,7
sample_303,1.201533832753864,4.415747181802119,6
sample_304,-1.4892446195377027,4.149305638609657,0
sample_305,-2.9017648212307297,-3.7206494285545326,9
sample_306,-0.7758593285947432,-4.826389969716107,7
sample_307,-2.256740857635438,4.3857877588632705,5
sample_308,-1.25162949511623,-4.667566354148946,7
sample_309,1.9327350202819749,1.5887434594146268,2
sample_310,2.6010384570017395,-3.196216080331568,1
sample_311,3.3759969219226207,-1.9307124237784825,1
sample_312,0.9566308156691248,5.068046211690197,6
sample_313,-1.16979646113025,-0.09757894200767193,8
sample_314,-1.4200101532588327,-3.6482287989806745,9
sample_315,-2.7660793285728054,-2.02534431282879,4
sample_316,2.201553424813789,-3.2178330808028117,1
sample_317,-2.3306410146222745,1.908285629505898,5
sample_318,2.0019776683602695,1.7185177073858169,2
sample_319,1.962201854061869,0.3395350985515867,2
sample_320,-0.7969920596860767,-3.678455633230318,9
sample_321,-1.587950781959953,3.6953191570758035,0
sample_322,-0.4571550226848071,1.3976193821898208,3
sample_323,-3.2910199159311366,-2.4027015562547107,9
sample_324,0.7595861001992033,5.569437658620219,6
sample_325,-2.2669253388944997,-4.282214579669652,7
sample_326,1.9966489861097476,1.7225973164462358,2
sample_327,-1.7064084263288135,3.991976476432682,0
sample_328,-0.4233638575804379,1.416379198787995,3
sample_329,-0.6783310227413168,2.174587950596341,5
sample_330,-1.6325238381256741,-2.57453512901027,4
sample_331,-1.5284564150203395,1.8556722465446913,3
sample_332,1.2649771832199426,4.904862081729629,6
sample_333,-1.455855734429567,1.5683057653829482,5
sample_334,-1.0811672567000785,0.5036107682846368,8
sample_335,-3.155580306399228,-2.6634457012010766,9
sample_336,0.10515724425188529,2.935232330470258,5
sample_337,-2.086591253737744,-3.144585708160868,4
sample_338,-1.1114463799825545,-4.9620491711700225,7
sample_339,-2.1907721340904853,-2.616205150628109,4
sample_340,1.96679428062045,1.6819798435662778,2
sample_341,-2.6432718891792217,-2.985667284993732,7
sample_342,-0.4859567816225422,1.317263951939772,3
sample_343,-2.2510756493405317,-3.377155126733954,4
sample_344,0.1539525922435413,-0.10752620540236996,8
sample_345,-3.1891687771141406,-2.8383766704798505,9
sample_346,2.160742749347413,-3.395796187166537,1
sample_347,-0.4084048314778481,0.6979205731267134,9
sample_348,2.0059935872565293,1.7687460012987202,2
sample_349,-0.6195207754265667,0.030398584648128103,8
sample_350,-1.2851240543202653,-5.136593768224966,7
sample_351,-2.7745899186724516,-2.9780339128176077,9
sample_352,2.0100863360406067,-3.444329964704167,1
sample_353,-1.960878035209986,1.4370908502818935,8
sample_354,-1.0499113322262776,-4.684276039089359,7
sample_355,-2.832280389105259,-3.236471743800323,4
sample_356,2.2614086130555893,-3.684754633776974,1
sample_357,-1.564475526341427,1.0187030226255949,3
sample_358,2.1798768348980566,-3.071639084687171,1
sample_359,3.99364706590424,-0.9325756714007716,1
sample_360,-1.7006833422286076,4.405945977921504,0
sample_361,1.5094191448425267,0.21896820857437096,2
sample_362,-0.46133998972515516,0.9548810997799887,3
sample_363,-2.422594332471477,-3.1321960688858566,9
sample_364,-0.9938977830054181,-3.1112748925909903,4
sample_365,-1.8898952229135433,-3.3567263584163154,9
sample_366,1.7153438441698134,1.2421283563086625,2
sample_367,3.7431757719247867,-1.6605648876928498,1
sample_368,0.8265887498612702,5.26732170594271,6
sample_369,-0.050519995661638235,-0.02197376922470666,8
sample_370,-1.9717245570785786,-2.723999765611112,4
sample_371,3.3269913036971257,-1.787773885846092,7
sample_372,-2.230549751796926,-5.0640666936517755,7
sample_373,-2.4966794066976226,-2.821360781443788,4
sample_374,-1.281732028864193,-2.943034781068487,4
sample_375,-3.093851622376977,-2.950978145855259,9
sample_376,2.0415868537825164,1.755094597560806,2
sample_377,-1.2209809436246426,0.30313246493820833,5
sample_378,-1.1111075556381538,-4.934040184696597,7
sample_379,1.615124191076994,0.7297528756547209,2
sample_380,-0.9910334731499482,-3.061170837904229,4
sample_381,-3.2289998674879365,-1.7237978814210506,4
sample_382,1.917352183963843,1.5743521154221904,2
sample_383,3.7984803626215804,-1.337990497060683,1
sample_384,-1.361668569458803,-3.296072533837798,9
sample_385,-2.637275011707133,-3.9700580921367936,7
sample_386,2.0320070961010646,1.602047834886053,2
sample_387,-2.4284626208308335,1.7253742942041745,8
sample_388,-1.097039192854044,-4.907980871492597,7
sample_389,1.835074125580698,4.551940801209173,6
sample_390,-1.2222210008151153,-3.6457814210908883,9
sample_391,1.1405695385161903,0.355065405803079,2
sample_392,2.1108051000090193,1.903607594625575,2
sample_393,-2.0723441238028686,1.2394648172353402,3
sample_394,0.19591823551058882,-0.1208604001793953,8
sample_395,3.937915183227781,-1.004002275155196,1
sample_396,0.9888148293872757,4.925406087762352,6
sample_397,-0.8163946568260128,2.0320747961714116,5
sample_398,2.324419515403666,-3.743194501986588,1
sample_399,3.8701392798691514,-1.2323576803036664,1
sample_400,-1.0721462632616234,4.31313466894764,0
sample_401,1.5855124808115921,0.3682406173971286,2
sample_402,1.4306416895466292,4.682128850906582,6
sample_403,-2.0622753669150398,-2.4651424583136836,4
sample_404,-0.1020157153908429,2.902534768925986,5
sample_405,-1.7976060432906205,1.3422867234378044,8
sample_406,-0.6271123467214788,1.2703235061819933,3
sample_407,3.962033778310057,-1.0118210026620125,1
sample_408,-0.1334103241072187,2.867198961193914,5
sample_409,3.2810551355060076,-2.0263629529018585,1
sample_410,-0.8440228194163253,-3.632862445046547,9
sample_411,1.7640516314270112,0.534556097070219,2
sample_412,-0.7657178287733409,-4.833546726826582,7
sample_413,-1.7885037360660008,-3.66977385735128,4
sample_414,-1.353880751738938,-2.8059799425295693,4
sample_415,1.0134967889197366,3.970358519119627,4
sample_416,0.23331074740776023,-0.2953295179108952,8
sample_417,2.3165451329865347,-2.677982770587646,1
sample_418,0.5540507443564192,2.839970318415762,5
sample_419,0.7299177808670306,2.6538184948071164,8
sample_420,-1.1168389047920677,-3.715773911876151,9
sample_421,-1.2355654314572653,-3.54044649729714,5
sample_422,1.065040249098221,4.850916547608852,6
sample_423,-1.8014867931300529,-4.465147197784566,7
sample_424,-0.9150124584946224,-3.7792231415747275,9
sample_425,-3.7524951117282086,-2.267649132327034,9
sample_426,-0.21398063243620422,0.9941304063794559,3
sample_427,-2.815267132222106,-4.884254608787114,7
sample_428,-1.2877125388388473,4.352080362139091,0
sample_429,-3.249045039728785,-2.986226493008645,9
sample_430,-2.3139377669682077,4.726513976570653,0
sample_431,1.3763964554217645,4.793528863909125,6
sample_432,1.0583315967458173,5.1360328179517145,6
sample_433,1.5858276689918922,1.2952578269043946,2
sample_434,-0.5289652888857185,1.4272481842102702,3
sample_435,-3.5110973317320022,-2.357484072903169,9
sample_436,-2.026456640912507,4.966408694945453,0
sample_437,-2.4086153604329494,-3.4965190752244633,7
sample_438,0.1740067565549533,2.932804160775428,5
sample_439,-3.0914250394751432,-2.608424984210649,4
sample_440,0.21589435191415002,0.06382835109428749,8
sample_441,-2.433204209588883,4.669248035040865,0
sample_442,-1.5166818582267012,-3.7783129837758938,9
sample_443,-2.1373949393878697,-2.6657230719570735,4
sample_444,2.276018313692403,-3.7098696574002643,1
sample_445,3.810084447797336,-0.827424275771218,2
sample_446,-0.034266216679774225,0.011822642431095851,8
sample_447,-3.058249042359288,-2.2767806377580304,7
sample_448,2.309378510964237,-3.715620592141934,1
sample_449,2.0851343450144286,1.5531823141768275,2
sample_450,0.9012313991649404,4.906242875266385,6
sample_451,3.2095654890367027,-1.9572204972255365,1
sample_452,-1.4534762742949154,3.6151294826070486,0
sample_453,-1.902759848741162,1.8755799071767791,3
sample_454,-1.2882241485558859,4.667408598238944,0
sample_455,3.5899749841308326,-1.6357711027663646,1
sample_456,2.2452166600976295,-3.240699033909228,1
sample_457,-0.32691813580028994,-0.0888818876107162,8
sample_458,1.9124394117872023,1.7207059092059391,2
sample_459,-2.2873780352797866,4.5214291281332555,0
sample_460,-1.5993735090254098,-0.05598665561996669,3
sample_461,-3.0078963877436595,-2.564714143748502,9
sample_462,-1.6450807809468029,-2.433596013572259,4
sample_463,-1.8994380420100547,4.945502419734655,0
sample_464,0.5990658026429604,2.7491235656578126,5
sample_465,-2.396797220347626,4.828247075201325,0
sample_466,0.936843296290535,4.68582415823293,6
sample_467,2.573369400740456,-2.766277472599636,1
sample_468,-0.6799234293335356,-5.043309076894103,7
sample_469,-3.955462958140216,-1.7429560034198168,7
sample_470,-0.06355829636489738,-0.41386131572669593,8
sample_471,3.7861818274436625,-1.1752617351204433,1
sample_472,-0.522939453654995,-3.9165788311064755,9
sample_473,1.7363005234899858,0.04900538922400639,2
sample_474,-1.2039441456538016,4.5808539779175845,0
sample_475,-0.8565227889444167,2.171513068983371,5
sample_476,2.117173673991286,-4.005001426201433,1
sample_477,2.105999614126628,1.0744338287513904,2
sample_478,1.8403692681862118,1.7720403728611551,2
sample_479,-2.152553647862651,-4.1215057547820315,7
sample_480,-1.1846465135399749,1.1427014613327051,3
sample_481,-1.2244122793245056,0.1582385400733154,5
sample_482,-0.9841646019437116,-2.591789953150582,4
sample_483,-2.1378985265570383,-3.3230496035928176,9
sample_484,-0.5886196358952107,-5.04829553967648,7
sample_485,3.697467864799091,-1.4640030782433986,1
sample_486,0.22649042736997171,-0.17235154614412174,8
sample_487,-2.1467167224492667,1.3265280982338201,3
sample_488,-0.056759906410288476,-4.014887755146181,9
sample_489,0.691176538932044,5.939079915124465,6
sample_490,-1.3733794803576351,4.77642077042706,0
sample_491,-1.746849634799807,1.6882714278387048,3
sample_492,1.9164654276082742,-4.163074575424148,1
sample_493,2.2867367702252297,-3.0932941840713544,1
sample_494,2.060671312367864,1.8253957108280898,2
sample_495,-2.2588991775627494,4.561004764531101,6
sample_496,-1.774860040259521,1.7124410034283766,3
sample_497,-1.015401205322467,2.456608715580489,5
sample_498,-0.21782702417679783,-4.447835171483335,7
sample_499,1.5518621208712153,5.062509334709814,6
sample_500,-0.0983210590618122,-0.06892520657415425,8
sample_501,-2.1318280418270232,-4.419029982771454,3
sample_502,-0.052430522498828416,-4.035263616282183,9
sample_503,-1.0802963682776676,0.09900314681172812,5
sample_504,0.24782622393099338,-0.11896863492083513,8
sample_505,-1.918235128965387,1.7584058379029093,5
sample_506,-1.3288407780483908,-5.0543232002206135,7
sample_507,0.2896993697630754,5.768923833124373,6
sample_508,2.117140055500859,-3.946035047394556,1
sample_509,1.9888347035550085,-3.9853159390264525,1
sample_510,-0.04707412493105117,0.4049038499926627,3
sample_511,2.646880453475844,-2.8992774579694074,1
sample_512,0.1200206656473216,-4.28449226727505,7
sample_513,-1.511514168541279,0.16680293204793736,5
sample_514,0.5082584661787246,2.7687463631374296,5
sample_515,-1.055462368424665,1.7723921267336473,5
sample_516,2.084996506708982,1.7988065138130165,2
sample_517,-2.2187142293530027,0.9075714537939852,5
sample_518,-0.22279136319880866,0.12136516635650958,8
sample_519,-1.2840794202490307,-4.47681330817908,7
sample_520,-0.9106335601283316,4.372961264652394,0
sample_521,-2.933695228619152,-2.8701491107714285,9
sample_522,-1.0409244999198854,-4.917728578381428,7
sample_523,-1.972204608059488,-4.843893808805201,7
sample_524,0.5954553399908399,2.7693101900046733,5
sample_525,-2.303415750071305,4.623848337032108,0
sample_526,-0.3687448428503894,-3.9589359543540823,9
sample_527,-2.454245872448697,4.72728635931469,0
sample_528,-0.35061393738115315,3.8146526090362034,0
sample_529,-2.348202673347052,0.7482378369479291,8
sample_530,-0.003763827557892673,-3.9717628847133195,9
sample_531,1.6039911162357299,0.7374504626527562,2
sample_532,-0.6392401380652696,-2.800894470046357,4
sample_533,-1.609885596966223,0.01332201670977998,8
sample_534,1.8967578949946002,-4.156555239136807,1
sample_535,0.8998414448878168,5.856579420303289,6
sample_536,1.8963745374666554,-4.110830298438647,1
sample_537,0.9866271359349045,5.350297775077604,6
sample_538,0.15711365424973076,2.8826536762564348,5
sample_539,2.6021590287528804,-2.9570242079081073,1
sample_540,-0.525442063980972,-0.022338396860277537,8
sample_541,-1.0977710938807228,0.5954300575336298,3
sample_542,-0.8975941699434323,-2.8685015403082237,4
sample_543,-1.10606873158955,3.47719137872468,0
sample_544,0.08966994404421585,2.396769707047151,5
sample_545,-1.6451918689191671,1.8863962606453555,5
sample_546,-0.0776007436876128,-0.10153113941621791,8
sample_547,-1.5200876822316163,1.7849356259253766,3
sample_548,1.237483337756414,4.284138564924897,6
sample_549,1.5060365642382976,1.4960376687931252,2
sample_550,-0.21243962256437904,1.0017713491837847,3
sample_551,-2.968419746200378,-2.9448998618171367,9
sample_552,1.8300827190625941,1.8499791932069358,2
sample_553,2.9239814508967528,-1.8660670560411114,1
sample_554,2.2045493304398645,-3.851217402973473,1
sample_555,-2.2296952857640027,1.8089334964721941,5
sample_556,1.8915469808896692,1.7478930572208282,2
sample_557,3.1920620517028646,-1.5469551722196793,1
sample_558,-0.2596379989152937,1.2412039899470857,3
sample_559,2.1152720995835286,0.4599721674774516,2
sample_560,0.19603115853297212,0.06650566781477572,8
sample_561,-0.21715018019119825,-4.321659704581955,7
sample_562,-0.17882088579944858,1.311643021910699,3
sample_563,-2.707419182821313,-4.82392255273838,7
sample_564,1.976103239831606,1.8009749561509056,2
sample_565,-2.2480425648289724,-2.5173645793040875,4
sample_566,0.9100187440771665,4.439973612415896,6
sample_567,-2.7845981572923266,-3.2427498664050156,9
sample_568,-0.5210923790220685,-4.926599442375954,7
sample_569,1.5090457766633154,1.1429934756167122,2
sample_570,-0.6544377972290134,-2.93531319589348,4
sample_571,1.6456629849345823,0.8808454626466172,2
sample_572,-0.16645229943865383,-0.11052325561090406,8
sample_573,3.444345990589381,-1.6770190536693035,1
sample_574,1.9692584964469624,-3.576285878267485,1
sample_575,-0.7180937681262736,0.5490181428088614,3
sample_576,0.2760644198406017,-0.27374800438208285,8
sample_577,-3.110805883679046,-3.473241093287472,4
sample_578,-1.1108904981109926,4.535605648905182,0
sample_579,1.303577231814412,4.881402067920111,6
sample_580,0.2521386941299026,2.407930102163735,5
sample_581,-2.7698968392004164,-3.064531752912726,9
sample_582,-0.3333410546398146,1.305342643482228,3
sample_583,-1.7774527947564678,3.6027780742812086,0
sample_584,-0.13482303202189594,-4.035302043486006,9
sample_585,1.3853930761375266,1.1845629058497715,2
sample_586,-0.9041264942803604,-2.6478558167205826,4
sample_587,-0.38678881629181155,-4.753404338847997,7
sample_588,2.0041536273347473,-4.159999324973773,1
sample_589,2.4421802725182373,-2.190603989007353,2
sample_590,-0.42130124416702724,-3.8677873700846455,9
sample_591,-2.00088302135754,-3.3612279517875443,4
sample_592,1.742831164763118,1.8093723280080205,2
sample_593,0.81960006745038,5.932854660170122,6
sample_594,2.0462282435475387,-4.038587293202111,1
sample_595,-1.2613378394202108,0.5147525862022907,8
sample_596,-0.18287803973471672,-3.985924980587069,9
sample_597,-2.27451432292427,4.521052058447098,0
sample_598,1.0965513821883626,4.169007449442308,6
sample_599,1.0791183900730745,4.790349978852435,6
sample_600,-0.32992225898855776,-4.74009577686841,7
sample_601,-1.9930407786974194,-3.703247445897713,9
sample_602,-0.16939413069442696,-3.9286908999862464,9
sample_603,-1.6538341665296357,1.208546466579043,8
sample_604,-0.7041663922902108,4.061752168655346,0
sample_605,2.86346668045618,-2.4479993504387774,1
sample_606,-0.5560546704280278,-2.913474890360366,4
sample_607,-3.510983658173399,-1.7121515348830223,4
sample_608,0.9262191247138979,4.243043198643313,6
sample_609,-3.4618832560784316,-2.723278579911345,7
sample_610,1.9551420245274902,-3.841856868087991,1
sample_611,-3.2720320814431463,-1.947169875860156,5
sample_612,1.8556747157116777,-3.9769845038025733,7
sample_613,-2.0052292498225253,4.011268808008288,0
sample_614,-1.0003219177615372,0.9448627347069675,3
sample_615,0.4649031373612692,2.886081653712302,5
sample_616,-0.07097329404480902,-0.4090667505185008,8
sample_617,-3.143861123830048,-2.2525581541506154,4
sample_618,-0.40287585943254484,-4.834419536284384,7
sample_619,4.0427336266286265,-1.1598131947307904,1
sample_620,1.9851394817935792,1.7439468272397889,2
sample_621,-2.3107108948468613,1.9799150994770396,5
sample_622,-0.7744419601463776,-3.646794814680187,9
sample_623,-2.0100677389874213,2.370661485508556,5
sample_624,1.1665672481947633,4.050174535116704,6
sample_625,-1.6454220799376182,-4.635405390221052,7
sample_626,-0.665907072858028,2.001427733337717,5
sample_627,-1.4667734553794567,-2.631282669546747,9
sample_628,-0.9303144966367104,-1.6638194672517037,8
sample_629,-1.785271447131702,0.3607916409074855,8
sample_630,-0.38403597925057165,0.6453407230559055,3
sample_631,1.9022311461412151,4.7241047506219305,6
sample_632,-0.07078174466111763,-3.9285308995667054,9
sample_633,-2.6439504560127483,-5.1315010743395435,7
sample_634,-0.701220905949584,3.9877309955900553,0
sample_635,-1.5365805573129794,-4.143376889363864,7
sample_636,1.7257436647169941,2.0851900565112005,5
sample_637,-1.594343311524575,-4.6851278113347945,7
sample_638,2.0011767026546123,-4.075610382998215,1
sample_639,3.9158148998613376,-1.162785217747418,1
sample_640,-1.0534198465327758,4.137682196154366,0
sample_641,-3.002051139461198,-4.745622684487903,7
sample_642,0.05017399022237435,-3.999696375041553,9
sample_643,1.75264109055907,1.374154031484788,2
sample_644,-0.8125711450090404,1.594016622074653,3
sample_645,2.3415647424685826,-3.0803894562556855,7
sample_646,-1.1149964266371888,1.0568489983270581,3
sample_647,1.0727634126973864,0.21134653233564868,2
sample_648,-0.6185048837361062,-2.911846445124082,4
sample_649,2.8112901553381398,-2.6397148400407664,1
sample_650,1.1584675603241077,4.230958241772635,6
sample_651,1.5879043801415054,-0.19058913587063475,2
sample_652,-0.46571438866646303,-4.87702812455858,7
sample_653,-0.875897450767154,1.9843138599923407,5
sample_654,0.10544352015288815,2.331183627465425,5
sample_655,-2.1107034354969194,-4.399360036090539,7
sample_656,-0.7313171779078471,-2.7819983741548526,4
sample_657,-0.9593100259606271,3.6667661324876186,0
sample_658,1.9656953278478195,1.7007678608167593,2
sample_659,0.42260664395840386,5.868881186141431,6
sample_660,-0.03670417844480712,0.6222277764228002,3
sample_661,1.6588821414971258,5.053576794197362,6
sample_662,0.14329660247945744,-3.7672420329131224,4
sample_663,-1.7453915060629728,3.86780450367751,0
sample_664,-0.7732997093205423,-2.7935411109910495,4
sample_665,-2.311712731663964,-4.18270257181604,2
sample_666,1.081443995204743,3.6811214355960455,6
sample_667,-1.200187126550646,3.606951374586666,0
sample_668,-0.2846746322283954,3.7190571465985447,0
sample_669,-2.1163712806176336,3.8228227750756774,0
sample_670,-1.125794467868468,4.182776415343823,0
sample_671,-2.5032245918286953,4.625066131928324,3
sample_672,1.8846142709618356,-3.505386250384551,1
sample_673,1.4334950343716804,4.485756568628233,6
sample_674,2.0657398148190076,1.5909495462275294,2
sample_675,2.826512841375424,-2.303586188144998,2
sample_676,-0.9489784629089876,1.6466632156909755,3
sample_677,3.0302938733615283,-2.128146953310776,1
sample_678,-1.6152422704973641,-2.342360040637232,4
sample_679,3.517663779229915,-1.533655960494776,1
sample_680,-0.9867841318195878,2.413857836393603,5
sample_681,-1.279571958497531,-2.562991294607678,4
sample_682,0.8070953874702307,4.944926369856357,6
sample_683,-3.589905599373962,-2.3975560147809976,4
sample_684,-0.6702620330079347,-4.928527598293637,7
sample_685,1.543940681961751,1.1684057057694504,2
sample_686,0.2438717310712061,-0.2359291477733463,8
sample_687,-3.120353899604698,-4.449341244055912,7
sample_688,-1.8846406886080078,-3.1310537145647364,9
sample_689,1.7014461559173713,0.03618382250390776,2
sample_690,-1.0342587262368885,4.2304819521556185,0
sample_691,-1.6209553369928698,1.8761331491257511,5
sample_692,1.9849907718767787,-3.5456547783892094,1
sample_693,-3.0406538489054507,-2.4281029576982056,4
sample_694,2.227660944488468,1.2054234870706164,2
sample_695,-1.4340061831060325,-0.14651577676516378,8
sample_696,-0.4726910422919233,1.4272786497454073,3
sample_697,0.9975356455472009,0.29134554448181105,2
sample_698,-1.3058297587867156,-2.4482919968751964,4
sample_699,2.4234352519135456,-3.2370144106913763,1
sample_700,-1.225622149976659,2.5537451443846817,5
sample_701,-1.2746964584415958,-2.6826232943862744,4
sample_702,0.7965770435387941,4.94849638363146,6
sample_703,-1.70213131332206,4.002168177953775,0
sample_704,-1.1649521653520258,-4.9663859257880505,7
sample_705,-1.5813756085522512,4.572706959150794,9
sample_706,0.26487862089605657,-0.15307178426981244,8
sample_707,-3.6158911026781295,-1.995423741404625,4
sample_708,-1.3270327448554209,-3.5439821130951943,9
sample_709,-1.4243081463228153,0.13733578544052513,8
sample_710,-1.1663473263885957,4.424131820838817,0
sample_711,3.8247660561493,-1.4730843975866625,1
sample_712,2.0321621143680275,-3.956734274898002,1
sample_713,-0.26585769722694486,3.361300901169949,0
sample_714,1.9951922006960303,1.6234888442375763,2
sample_715,1.8022310016756293,0.5636474377243037,2
sample_716,-0.5101737244119046,1.4494502798469437,3
sample_717,1.6560884694960458,1.3423274638505807,2
sample_718,-1.3100798210740274,-2.4276353671204904,4
sample_719,-3.281440827942489,-2.8828408734077886,4
sample_720,-1.823848701122574,2.2711213655904117,5
sample_721,3.604426589076522,-1.1287696777368366,8
sample_722,1.01258181637148,4.6401922005682215,6
sample_723,-2.277833701651061,1.3749953972284907,5
sample_724,-0.5061539750783088,-4.8223166113468245,7
sample_725,-2.7613105620854532,-4.559514016251887,7
sample_726,0.29080570536528433,-0.1660155105290005,8
sample_727,-1.6017864044364531,0.34556233908428957,8
sample_728,-1.614666225756076,-3.1454039426514067,9
sample_729,-0.8076867032297664,-4.263170293595228,7
sample_730,-1.5323005443553974,-2.3700843849189166,4
sample_731,-2.13016987120831,-4.354323770731917,7
sample_732,-0.48851922077167625,1.4602639511633604,3
sample_733,1.3713707756201363,0.41229775860732926,2
sample_734,-1.1358294749092488,4.562707076506535,0
sample_735,-1.4323920946305404,-0.0007382570115076524,8
sample_736,1.0277413496934884,4.577305135690798,6
sample_737,-1.656455233158941,0.640884861407471,8
sample_738,0.9251759559721787,4.3003229107190135,6
sample_739,4.022729957835553,-0.9642141318396051,1
sample_740,0.8797004892530682,4.667001138559981,6
sample_741,-1.2368562931504241,0.5739083981948186,8
sample_742,-1.6594936377455067,-2.9023425326979546,9
sample_743,-2.0224608698345494,-1.9743238368746923,4
sample_744,-1.0905007418558443,4.48691900678698,0
sample_745,-2.4124079059421573,-3.493253579264165,9
sample_746,-0.7910037845638554,4.231615081058653,0
sample_747,3.6390383680353233,-1.0378074422172907,4
sample_748,2.054758238701902,-3.928232996054064,1
sample_749,-1.6681370257454438,1.1422497025160694,5
sample_750,-0.8225006391846074,-3.2666988643520045,4
sample_751,-2.656059300177298,-4.158643861317503,7
sample_752,-0.8774272896292117,2.4712253378099898,5
sample_753,-1.8587505499115724,1.260506440405395,3
sample_754,-0.46174236503589694,-4.7124836310940665,7
sample_755,-1.7143746822761012,-3.496680476490005,4
sample_756,-0.9831236941025586,-3.420207751982129,9
sample_757,-1.2919573074203166,-0.2799787457332781,8
sample_758,-0.7573412069258727,2.585024741300133,5
sample_759,-1.183965650088304,-0.024318439385867807,8
sample_760,0.8626777073552914,4.550504500126657,6
sample_761,-2.3433889595833146,1.389787610993181,3
sample_762,-0.07247591225043669,-0.17665253515266374,8
sample_763,1.011074272801453,5.732069396979288,6
sample_764,-1.984869835966651,-2.7433427568576456,9
sample_765,-3.7702258619579867,-1.9530880975094438,9
sample_766,2.4807696848502303,-3.3089802156590706,1
sample_767,-0.7746122764331889,0.01946730073780423,8
sample_768,-0.9526486064028459,1.5709389505155633,3
sample_769,-1.5755509738024236,2.2424692276359615,5
sample_770,-0.0620326521381567,-0.17343593890732736,8
sample_771,-0.20254930641149382,5.643725289609175,6
sample_772,-0.7303056652076236,2.330924303146453,5
sample_773,-1.4988904231195548,-2.7338198645052936,9
sample_774,-1.5532592576057722,-4.7926358811328456,7
sample_775,1.8757270492625948,1.8182888664925798,2
sample_776,-0.011956445310932883,3.0398419124984746,5
sample_777,-0.7540764207522647,3.3840706813103103,0
sample_778,-0.16581839358230405,0.014845268237649263,8
sample_779,-2.2738264740095415,-2.829762687017478,5
sample_780,2.261068949112827,-3.881672022414205,1
sample_781,3.937996149926162,-1.0733249498806379,1
sample_782,-1.0376326158423592,4.476059269893515,0
sample_783,-1.9957892277709999,-2.6190069662104714,9
sample_784,2.3076216904974154,-3.856316019593145,1
sample_785,-0.13049348857216425,0.4741419888073943,8
sample_786,1.1418790056288617,4.370389399966664,6
sample_787,-2.851540939705308,-3.779004123923934,7
sample_788,-1.3094730916959791,4.604949274373655,0
sample_789,0.8563754168727946,4.033141771840811,9
sample_790,-0.78545695103154,1.6555914399227993,3
sample_791,-1.9160512748727967,4.620617096090743,0
sample_792,0.020662028409573662,-0.17866843680508832,8
sample_793,-2.155915128421528,0.8714551499885452,8
sample_794,-1.6418408660207953,-3.04851117257918,9
sample_795,1.3343276636432855,4.333929369914082,6
sample_796,-0.5281720453413514,-4.684375315291259,7
sample_797,-0.5708133088346745,-0.07998010132149119,8
sample_798,-0.9966043146294793,-2.8928996667744027,4
sample_799,-2.304985129867122,-4.47999945928907,7
sample_800,-0.8796116563055458,2.43538285754437,5
sample_801,-2.522698361780044,-2.9420022294543164,9
sample_802,2.333164934383445,1.2374674981559397,2
sample_803,1.2773381473024628,5.283567440818935,6
sample_804,-0.40875809403133984,-4.634625386390122,7
sample_805,-3.3492221404923384,-1.8525920747110205,4
sample_806,-0.8939211590637203,2.330116931649007,5
sample_807,-2.4365054521578995,-2.9992532354520054,9
sample_808,2.225202746502902,1.008083461216998,2
sample_809,-1.6126459480250437,0.7967941968461223,3
sample_810,2.4905945228425264,-3.2844023147709054,1
sample_811,1.294659318592572,5.524060505034747,6
sample_812,-0.4961233230975633,1.4441724593501255,3
sample_813,-2.964443494806011,-3.186881221791385,9
sample_814,2.2024605990473995,1.2548111183418258,2
sample_815,1.4619005126897986,0.5430911084612718,2
sample_816,-1.1567469601724671,2.381227796216111,5
sample_817,1.40054704583721,4.896854560397435,6
sample_818,0.14711885501400618,-0.029711550918470272,8
sample_819,-1.6954581080860098,4.143037676086219,0
sample_820,-1.4114852601900982,-4.918372881716118,7
sample_821,-3.664602206058318,-3.0037095373640694,7
sample_822,1.9251098696605966,-4.081605427589521,1
sample_823,-1.117863236922125,-3.9031690527974274,9
sample_824,-0.052360151924446346,-0.14233850277687077,8
sample_825,-2.5917257088200483,-4.1204960281433065,7
sample_826,-0.6589882978898151,4.14726967408391,0
sample_827,-3.4724181934839473,-1.614886804814872,9
sample_828,-0.9392851676027592,-3.4755381167792687,9
sample_829,-3.3247157661006987,-1.340445982032959,4
sample_830,1.0610615122566265,4.314405084826426,6
sample_831,1.2814409574576966,0.36594935411634033,2
sample_832,-0.14315892960798424,0.03212034955151511,8
sample_833,-0.9259079972993762,1.9452791084019931,5
sample_834,2.4103738993390373,-3.346120099977509,1
sample_835,-2.1868900444562334,-2.8735403506177812,4
sample_836,2.3838806938500454,-3.5540735022506706,1
sample_837,-1.5708159433820896,2.1526476409680435,5
sample_838,-1.0000467464376699,2.4475875452301645,5
sample_839,3.311101033061333,-1.9098904781742347,1
sample_840,-0.6707448126318698,-4.8127145271882155,7
sample_841,-1.3491137761800511,1.1175346793491618,3
sample_842,1.0764434885277874,4.652667014375701,6
sample_843,-3.294740937915972,-2.3412957697315413,4
sample_844,-0.27515342172196533,1.271154941915418,3
sample_845,-0.929608454072711,4.058942697182159,2
sample_846,-0.9131100618965807,2.3660259284914575,5
sample_847,0.5635444832998759,4.700689862164651,6
sample_848,-1.342407863057334,-2.414372907744821,4
sample_849,-3.5481258268707663,-1.8654058723741538,4
sample_850,-0.8533874384896623,3.9381791154345334,0
sample_851,0.9245339023095938,5.0374118434231265,4
sample_852,-1.424944069259821,-2.3457383702436054,4
sample_853,1.7801349693891473,4.333156837401728,6
sample_854,-0.7795672511351103,-4.820919843096126,7
sample_855,-2.408787148365491,-3.380700200456495,2
sample_856,-1.3769000160586813,-2.3699255606087113,4
sample_857,-1.06551633042713,1.0614078545116752,3
sample_858,-0.4817036084765802,1.649348133688533,3
sample_859,-0.4065788638111717,-0.3009134668682944,8
sample_860,-0.9240689402475916,4.253165546507803,0
sample_861,-1.3121450256406484,4.172439707711351,0
sample_862,-0.5263935260830128,1.493363673746314,3
sample_863,1.6895352995861301,0.3838244341928507,2
sample_864,2.206465531186196,0.8836135844173162,2
sample_865,-0.9490428342080589,-4.041696886754984,9
sample_866,0.04271340682294689,0.020537300589104305,8
sample_867,-0.22839235278420514,1.102146086930884,2
sample_868,-0.4954832817638689,1.5268299165905281,3
sample_869,-2.2375975751608648,-4.8033696592003325,7
sample_870,-0.9077173768170985,3.969836210112838,0
sample_871,3.7921369122612387,-0.8159331689730632,1
sample_872,2.2638587135298023,-3.661765252884719,1
sample_873,-2.4417810641323077,4.654336906158978,0
sample_874,1.6622026242366947,1.6696552874986075,2
sample_875,-1.8430807349595097,1.471626605216757,3
sample_876,-2.4014663933676115,1.3334781462038572,3
sample_877,-1.4773197574451065,-0.0937904958330618,8
sample_878,-2.4045980820258457,-2.2974402708952524,4
sample_879,-0.9807616901879438,0.6394269033043333,3
sample_880,0.6746505290037051,2.890962518116616,5
sample_881,-1.0411355198819032,-4.852942125116716,7
sample_882,1.1032810226543157,4.562216899573768,6
sample_883,-3.113307946141284,-1.7274198959848601,4
sample_884,-2.4350338401028213,-5.097320469513572,7
sample_885,2.1976619617282815,-2.5489797218215275,7
sample_886,0.13519177483205483,-0.27607627896416803,8
sample_887,-2.1683366843214804,1.6842351807358684,5
sample_888,-1.4443067759961836,-2.885149444252111,9
sample_889,-1.7862392399810394,-4.193928770070558,7
sample_890,-0.7154790170002665,4.189417524698711,0
sample_891,-1.5333893628287802,1.4575845829190919,3
sample_892,2.2486177669617073,-3.7681416968075,1
sample_893,1.6978594256236872,4.210284838143977,6
sample_894,1.7011229956362586,1.895399407085482,2
sample_895,-1.4005513955124433,-3.167720287839407,4
sample_896,-1.8180644506765975,1.7091782341850161,3
sample_897,-1.0558395847063091,-2.5444136480645345,4
sample_898,-1.4053553427707735,-2.304693344931815,4
sample_899,-2.082502941549166,-4.395551871680013,7
sample_900,0.5368841479260434,2.9088473953416663,5
sample_901,-2.089202530495177,-3.5853250735152837,9
sample_902,0.9358103978835473,4.50654289847601,6
sample_903,-1.432141764819069,4.163991674302776,9
sample_904,-0.43518089027703105,3.947070943982225,0
sample_905,-2.8250176638807893,-4.488621387052566,7
sample_906,1.994854795453992,-3.9525737627725928,1
sample_907,-3.3696164921917275,-2.687286078049852,4
sample_908,1.8952752344856134,1.8230005804591924,2
sample_909,-3.0730028683925683,-4.639756585863034,7
sample_910,-1.3688625071526404,1.769320702606026,3
sample_911,0.572721208765584,5.428046865312276,6
sample_912,-0.48127792296421135,-4.868774550459009,7
sample_913,-0.7437991658154016,1.9328185853288662,5
sample_914,0.3667969888538673,0.0879076119157554,8
sample_915,-3.0917681900131395,-2.1242598066747815,4
sample_916,0.5951299949138199,2.788490447655616,5
sample_917,0.8484969100089024,4.983926307838033,5
sample_918,2.036903699258751,1.821490240562606,2
sample_919,0.3513180434006847,-3.9189553111169397,7
sample_920,2.311913299710684,-3.870233135615078,1
sample_921,2.865192126614962,-1.8970917695614615,1
sample_922,0.5884776123837877,2.8112445187354056,5
sample_923,1.938806357076792,4.479717396810036,6
sample_924,-0.03155555180318125,-0.28379071770100484,8
sample_925,-2.3650176112995753,1.641437932330807,5
sample_926,-0.21043657363099258,-0.27088982260649136,8
sample_927,-3.3974034368307167,-1.7974111202405538,4
sample_928,-0.9081977662501496,4.020631555812159,0
sample_929,-1.3190670998571026,-5.114694702211115,7
sample_930,-1.5795570402598256,-2.6708098861964316,9
sample_931,-1.5100945136580823,-2.767176182025406,9
sample_932,2.1291153068885347,1.9656459455724222,2
sample_933,-3.4429201514831083,-2.609867855078234,9
sample_934,-0.92388175886999,-4.182520164565166,7
sample_935,-1.9555438337199769,-4.943303614897614,7
sample_936,0.7723327593610303,2.156976030673815,8
sample_937,-2.4350683563851803,-4.086804668122492,7
sample_938,-0.8401942103346814,-2.7465960023082148,4
sample_939,1.1431038402912428,0.3156719427195443,2
sample_940,1.3964252312386056,3.9918956019035776,6
sample_941,-3.2960240931420057,-2.4899168812655375,9
sample_942,2.2325369403738695,-3.901071859113548,1
sample_943,-2.2044445963559753,-5.129273619270385,7
sample_944,-0.06303165562505383,3.7049790049159275,0
sample_945,0.7157370984879383,5.546725637306974,6
sample_946,-0.9788033559157068,-3.0133563028919452,4
sample_947,0.3373059976852536,0.33684556636099744,2
sample_948,0.6377483037034833,2.7650034695518357,5
sample_949,0.45782225206210303,-3.87896472283108,7
sample_950,-0.9285017932211734,4.087268797216206,0
sample_951,-2.0860454499946908,-4.249958106548365,7
sample_952,2.102602375065565,-4.069838184409663,1
sample_953,-1.4595817175796661,3.643027458505666,0
sample_954,-1.1433298530669913,0.8311598411576664,3
sample_955,-1.0848036807966819,-4.944775051312583,7
sample_956,1.2315876505711871,4.123532747774014,6
sample_957,-1.1775904078583173,2.1961399524675644,5
sample_958,-0.6906263991891332,3.8197974091228084,0
sample_959,1.2210246622087049,5.129875547129968,6
sample_960,2.0611334242357415,-3.7241857028777416,1
sample_961,-1.6671076057332759,1.2518793705499693,5
sample_962,2.3279559600250437,-3.883539889816952,1
sample_963,-2.133896602639984,-4.949504638568829,7
sample_964,0.23060915739255583,-0.23036384896137588,8
sample_965,-0.19644750369755096,2.201206055074234,5
sample_966,-0.902413782346543,4.282860036031371,0
sample_967,0.7994293347173073,5.71146320893611,3
sample_968,-1.390456832971589,-2.432832852456293,4
sample_969,-2.257186453291702,-4.007999727446436,7
sample_970,-1.5200092602318374,-5.058341244471133,7
sample_971,-1.9618888406414998,1.906926623673203,5
sample_972,-0.6289234232532125,-4.8383647124333145,7
sample_973,-0.9377961582885769,-0.2177637903061934,8
sample_974,1.1389974458648067,4.205516861684081,6
sample_975,-1.7925329796076694,0.10399046549780762,9
sample_976,-1.3987976886016276,1.6415360875323994,3
sample_977,-0.780485197701871,-0.11053227696183321,8
sample_978,1.154517807549434,4.107882243578755,6
sample_979,4.031661559375558,-1.0052600112653907,1
sample_980,-0.6312349300671336,3.8650657854613506,0
sample_981,-2.0802731554802283,-3.5358393202921463,9
sample_982,-0.6652105692315603,-4.900339056052773,7
sample_983,3.5922861263798365,-1.4039835918712529,1
sample_984,-1.1937654918026883,0.7663717043687368,3
sample_985,-2.541444050302149,4.734021255965114,0
sample_986,0.5008654573282804,2.8256912713684543,5
sample_987,0.5228641642452933,5.884947828796907,6
sample_988,-0.9434353925348864,-2.7521611061427107,4
sample_989,-2.604908009610224,-2.319647442816946,4
sample_990,2.0153262423536082,1.8557006260694626,2
sample_991,-3.478078648968498,-1.8578293912554202,4
sample_992,-1.6703901826051206,-2.510600027250299,4
sample_993,-1.6835546893711522,1.9339643158085393,3
sample_994,2.2544439940685432,-3.955255612900944,1
sample_995,-2.521773191316233,-4.971366278250118,7
sample_996,-0.8659416093702424,-4.063452564158122,7
sample_997,1.7823381118629806,4.987834215407764,6
sample_998,-0.5758684514292408,3.986147169177973,0
sample_999,-1.5608528177335836,1.9958877820437086,3
sample_1000,1.319824896598822,4.109631708834173,6
sample_1001,-1.5354604376230045,3.669071078562436,0
sample_1002,-0.6140352999612034,-4.782422468326347,7
sample_1003,3.8538290871832794,-1.2920670639656058,1
sample_1004,2.0612789638691162,-4.062781440183417,1
sample_1005,-3.263003920092841,-3.0063066269783083,4
sample_1006,-1.2075993396009372,-3.024168232810387,9
sample_1007,-2.9427956192727924,-2.730105477555949,4
sample_1008,-1.268163678393422,0.17343996783713486,3
sample_1009,-2.0826738331424064,-2.4579591579293125,4
sample_1010,0.531085421709371,0.8054528429093194,8
sample_1011,1.7042911569733032,1.6469250463343388,2
sample_1012,1.9875416901729588,2.030600938321572,2
sample_1013,2.9691912172346364,-2.3736577763072733,1
sample_1014,0.4341976068869621,-0.19015704606650316,8
sample_1015,-3.1324077262716403,-3.995941390671922,7
sample_1016,-0.9495984666055458,4.349183468148953,0
sample_1017,-1.0626910227965574,0.035906198108220426,8
sample_1018,2.3161334192617637,-3.7987910407879513,1
sample_1019,-1.9973745383818382,3.953577772988866,0
sample_1020,-2.449716203010852,-4.99382874762435,7
sample_1021,1.6595603963313088,4.580700091281385,6
sample_1022,-0.7757832467859048,1.7515842998060782,3
sample_1023,-1.626399059431775,-4.684175130631574,7
sample_1024,-0.9846973546707067,-4.356417359784409,7
sample_1025,-2.4980448489593785,0.17114590624863243,5
sample_1026,0.24663580937540264,-0.22296335092390185,8
sample_1027,-0.9258447320805155,-0.04050030914833688,8
sample_1028,-0.873933162962983,-3.8629483191473932,9
sample_1029,-2.3840924623589728,4.852202224387214,0
sample_1030,-0.8531043031578619,4.39568001046859,0
sample_1031,1.4843846317527656,2.6140200813058576,4
sample_1032,1.9739251285701787,-3.3795759006662447,1
sample_1033,-0.7877887500898388,0.7969977912354904,5
sample_1034,1.9163151599034942,1.8824574804769407,2
sample_1035,1.61142884709577,1.505758533486438,2
sample_1036,-1.288268470982509,0.9646191129041709,3
sample_1037,-0.1444900327433288,-4.024911459349349,9
sample_1038,-0.7460003036535671,-3.0366595268107788,4
sample_1039,-3.1789876514370783,-2.2713740341497584,9
sample_1040,-0.11463664694851405,2.7443721571082342,5
sample_1041,-2.2234813805263283,4.708180738815828,0
sample_1042,1.2117638266063293,4.154825512868872,6
sample_1043,-2.443771596261847,-4.155849106445271,7
sample_1044,-1.2639674747547898,-4.996296214897914,7
sample_1045,2.810939845402088,-2.3117822974603532,1
sample_1046,-0.7947858387101526,0.7549376537058682,8
sample_1047,-2.3833237345253053,4.345780718524926,0
sample_1048,0.4338375059991414,-0.7333972060742407,2
sample_1049,1.7062253877461495,1.2796037990875437,2
sample_1050,-1.2930215596224397,4.481152062842209,0
sample_1051,-2.995912131732524,-2.0600515595508715,4
sample_1052,2.0020935210846584,-3.829023263840464,1
sample_1053,3.8212690119883503,-1.5068811678938874,1
sample_1054,1.6949159129132065,1.8957532158493031,2
sample_1055,-2.315757359943604,-5.0813776130706865,7
sample_1056,-0.5248708218490026,2.6172027882711264,3
sample_1057,-2.604802044500817,-3.242098262261488,9
sample_1058,-0.009286992452590046,-4.323266545008884,7
sample_1059,-1.7408429291721388,0.8942893398261711,2
sample_1060,-0.08773843828428703,0.14322315667907953,8
sample_1061,3.446201795808646,-1.795673725485187,1
sample_1062,-0.9350216074356446,-3.711544234289,9
sample_1063,-0.7464155073949661,2.0030244336245464,5
sample_1064,-0.8404866320397,-0.28213125018276936,8
sample_1065,-1.6757670251884689,0.4980241110013772,8
sample_1066,2.5992778816541784,-2.9830520368116953,1
sample_1067,-0.10575135140238023,-3.857480513451787,9
sample_1068,-0.5835027053571582,0.43563468363555363,8
sample_1069,-1.4573614251417102,0.9873599100289299,3
sample_1070,1.9211940169927777,-4.224286558992306,1
sample_1071,1.827966471403693,4.114270688475292,6
sample_1072,-0.14615967809521582,2.648681692162804,5
sample_1073,-2.4077567208959394,-4.559876440661474,7
sample_1074,-0.768513513861336,-2.9798230220529343,4
sample_1075,0.9340790063008098,0.4429777582587244,2
sample_1076,-2.5896763209526656,-1.9140943860563426,7
sample_1077,-1.777139229112528,3.6069316545518637,0
sample_1078,-0.7320599678311236,2.407077374498869,3
sample_1079,-2.078287832791368,4.691521409839323,0
sample_1080,2.4708788265869135,-2.778079935853239,4
sample_1081,2.3719979958739406,-3.151467397408372,1
sample_1082,2.261030127005031,-3.095974361685778,1
sample_1083,-0.8076501395963914,-4.911802244200821,7
sample_1084,-1.7661066846772424,-2.4020646499630116,9
sample_1085,3.5315794766123747,-1.7792777909412194,1
sample_1086,2.2731694350288514,-3.7586387404140105,1
sample_1087,-1.2824828357306726,0.3075911263979136,8
sample_1088,-0.7647045560788085,2.624716909391338,5
sample_1089,-1.1786149661650127,-3.7321635417403205,7
sample_1090,0.34556895531993786,2.9385214327391096,5
sample_1091,-1.5545283719933525,4.629072517815235,0
sample_1092,0.9969377946996136,4.606590455920795,6
sample_1093,1.4837388741121358,4.98885604994816,6
sample_1094,-1.2326075373063523,4.6166257230701655,0
sample_1095,-3.0030679654647896,-3.026222843388028,4
sample_1096,2.197996539301287,-3.292283630027082,1
sample_1097,1.99757311030755,1.1692429925941048,2
sample_1098,-0.5737248164741028,2.8065020271495515,3
sample_1099,-2.5061890841163557,-2.9421155095655127,4
sample_1100,-0.5138258308336887,-3.0504610801279903,4
sample_1101,1.9422672165561659,4.516023870322419,6
sample_1102,-0.40177931864611116,0.0012561338340642803,8
sample_1103,-2.244702619138287,4.754883691319058,0
sample_1104,-1.4266675165122686,-3.2166010424079197,9
sample_1105,-1.1799997354700098,2.0179613596159087,5
sample_1106,-0.8356132335584266,0.2356845779349057,8
sample_1107,0.39504296308760795,-3.864379722229764,7
sample_1108,-1.057134359192788,4.303712166199311,0
sample_1109,-2.359452765911412,1.624720678464489,3
sample_1110,-0.21896010632145962,2.9262175599415396,5
sample_1111,-2.949722182348533,-3.0851547473928194,4
sample_1112,1.3438670205145633,3.877661614164123,5
sample_1113,-2.6687384922811743,-3.158242465137998,9
sample_1114,1.4005497567955718,4.175756547769183,6
sample_1115,-2.346121015917182,-4.964694108970639,7
sample_1116,2.085466908508578,-3.9980404117787294,1
sample_1117,-3.0652201429570836,-2.5686663250101924,9
sample_1118,1.5932510342309256,4.032498132365518,6
sample_1119,3.0271802846116196,-2.3848947374229956,1
sample_1120,-1.2617360663274835,4.432310324955896,3
sample_1121,-2.2473648293577893,1.5170237379056024,8
sample_1122,-0.07437616484214966,3.1401860835316415,3
sample_1123,-1.9426133403882746,-3.492697783483633,9
sample_1124,1.9905729086284258,-4.147486324545439,1
sample_1125,1.9620676672982447,1.865939849768488,2
sample_1126,-0.7786922916680972,-4.782885694392264,7
sample_1127,-0.9397308495857326,-4.324147819770688,7
sample_1128,-0.8866282129405326,4.168426797306191,7
sample_1129,-2.159179221041962,4.01347339300315,0
sample_1130,1.9877077216437233,1.4889118111217448,2
sample_1131,-1.4835945904377605,0.9698279615278366,3
sample_1132,2.167273710438839,-3.99703493685876,1
sample_1133,3.171663506255961,-2.3099866953738446,1
sample_1134,-0.639074140434088,-3.056628898235277,4
sample_1135,1.5250436417062125,1.1609170501081008,2
sample_1136,0.07281439470598969,3.2104918235155218,5
sample_1137,1.6158607818041142,4.538502394940408,6
sample_1138,-1.0308571119312553,3.5447528594723514,0
sample_1139,-1.8428692107235822,-4.081021799095442,9
sample_1140,1.1143037900121762,4.299336911575396,6
sample_1141,2.1154789478722975,1.1371575337893494,2
sample_1142,-1.8762476626550229,1.1321105172245682,8
sample_1143,-1.8954449211652913,-2.82633263722811,9
sample_1144,-1.5419274873887,0.9397653392140836,2
sample_1145,-1.745235171117596,1.0095882248530867,3
sample_1146,-1.047553759616975,1.5498113916947716,3
sample_1147,1.3211877987073706,4.791686990715419,6
sample_1148,-1.5630971580654194,-2.7143651437018557,9
sample_1149,2.746054332131301,-2.152100768031874,1
sample_1150,1.8799962872819016,4.380287557434013,4
sample_1151,-1.9994618609239119,1.3017715381187305,3
sample_1152,-1.221599118262097,1.5579091464126293,3
sample_1153,-1.9044800685271033,4.160081284032854,0
sample_1154,-0.2714467480333376,-4.546453205301096,7
sample_1155,-1.4095652142018047,-4.632166495325205,7
sample_1156,2.0530072256355525,-4.0200696346744715,1
sample_1157,-2.288431899036465,-4.447577798195455,7
sample_1158,-0.9043631547504981,-4.706176062284534,7
sample_1159,-2.421120588035331,1.254002632104123,3
sample_1160,1.158262122483364,4.213490505865161,6
sample_1161,-3.3018420733939915,-1.5165406790355331,4
sample_1162,-1.0438247637104925,-3.5043246859639074,9
sample_1163,-2.1493284429770596,2.258699714983007,5
sample_1164,-0.6490975504735383,-2.968785447550062,4
sample_1165,-3.1374911461940953,-2.9045849959102297,4
sample_1166,1.8896764051883117,1.5449497346146002,2
sample_1167,-2.548237880089107,-4.081007189475935,7
sample_1168,-0.8910368532750818,-3.4433687574826477,9
sample_1169,-1.090153562035576,3.5864671469289355,0
sample_1170,-1.2220990143986683,-3.4200841585103965,9
sample_1171,-1.3757777447960438,0.6541062642136213,8
sample_1172,-0.5980347148791617,-2.9650738123582085,4
sample_1173,-3.5766258838180516,-2.2563184700744023,4
sample_1174,-0.8081652689282024,-3.8623681724376087,9
sample_1175,3.0371931539549775,-2.005583760241892,1
sample_1176,1.9001697973303726,1.3345080093184434,2
sample_1177,-2.696361556585852,-1.9777072294173959,4
sample_1178,-1.8097255701431254,-2.7945449515742737,9
sample_1179,-0.7309370131782295,1.2049806649580963,3
sample_1180,-0.8514627617996046,3.8502121644736325,0
sample_1181,-1.6607132105169875,-2.77796547922032,4
sample_1182,2.3517620879695866,-2.9561581064797227,1
sample_1183,1.2515059491602714,4.3963146778023425,6
sample_1184,2.0185539876302503,0.9691958737708731,2
sample_1185,1.023677122515419,4.844946304329833,6
sample_1186,-0.009952690180140156,1.2867191397325444,3
sample_1187,-2.9925630246513037,-4.412032351235373,7
sample_1188,-2.1398486494938798,-2.3100591172985037,4
sample_1189,1.877682051744803,0.6652725234300507,2
sample_1190,1.0786951113598409,5.263034615320078,6
sample_1191,0.04693747635558527,5.708806187722168,6
sample_1192,-1.8860709601253276,-4.658458151379102,7
sample_1193,3.9113789205308773,-0.9985482315659641,1
sample_1194,-0.32578014483694856,-0.05080044924748494,8
sample_1195,-3.679548421332238,-1.879719694749665,9
sample_1196,-0.701820990326156,3.661082877311494,0
sample_1197,-3.416063137911022,-1.571308361716705,4
sample_1198,2.4650550028172806,-2.5212351932743613,1
sample_1199,-3.5792873006560084,-2.4669864932138483,4
sample_1200,1.9888753113923332,0.8262769744471503,2
sample_1201,3.2185131633427324,-2.0137517643260976,1
sample_1202,-0.5041095009475467,0.3334106536549015,3
sample_1203,1.1281914838747447,4.652390340983838,6
sample_1204,-1.792496511575145,-2.690107625156998,4
sample_1205,1.4526137096740512,5.013670747541126,6
sample_1206,-0.6895373467906578,-4.689132337354653,7
sample_1207,-2.1736962705377576,1.838012428370678,5
sample_1208,-0.41098244385949395,0.31502679983983,8
sample_1209,-2.4909053598983695,-4.833730505045122,7
sample_1210,-0.9766374170141862,4.220174055316969,0
sample_1211,-1.7950304224546623,1.5985474763566307,5
sample_1212,2.13819093454261,-3.1790598876591867,1
sample_1213,-3.4818431866234762,-2.452353362481394,4
sample_1214,2.2889464296142283,0.8270436898911782,2
sample_1215,-0.15600447407940718,0.24536371316129607,8
sample_1216,-1.4731941978881324,-2.3167674068306376,4
sample_1217,-2.653368466376388,-4.530709331212555,7
sample_1218,-1.163172747166951,-4.805312697698444,7
sample_1219,-1.3317249344077515,1.1677629468379713,3
sample_1220,0.8991278263663285,2.400266404726007,8
sample_1221,-2.9419769798047373,-2.2156819934873107,4
sample_1222,-1.9595985670212712,-2.8946703151103845,9
sample_1223,-1.456629533980742,2.1424028947643974,5
sample_1224,-1.1719731795639565,-0.9018880707514837,8
sample_1225,1.0557008499646627,5.364645498464749,6
sample_1226,-2.3158468049137566,-4.583491120758276,7
sample_1227,-1.8125415707705919,0.9958112863999946,3
sample_1228,-0.43075507132148816,-3.212644319395609,4
sample_1229,1.6856533408800924,4.302475148758251,6
sample_1230,-1.3743428371666375,-4.44047299702289,7
sample_1231,3.2049545507298682,-1.8206771393944603,1
sample_1232,-2.373087038298288,-4.601272203573162,7
sample_1233,-2.9972100496735754,-2.601003976062951,4
sample_1234,0.017709908309624826,1.230228547910506,3
sample_1235,-0.680066379293314,1.3859581251737256,3
sample_1236,-0.8231778069357463,-3.672943695949376,9
sample_1237,-1.313798534245663,0.8134566855177874,8
sample_1238,-0.7882012060571104,0.17688363019283382,8
sample_1239,3.719688943460254,-1.4213275871984967,1
sample_1240,-1.5307734330641307,-1.9922758578293451,8
sample_1241,1.8773350118313137,4.373011287960557,6
sample_1242,-0.16770577583440657,1.4962928896478522,3
sample_1243,3.4054038652571346,-1.9155182935235209,1
sample_1244,2.8474066516336443,-1.5004054064546022,1
sample_1245,-1.930478046754831,-2.6966962803558308,3
sample_1246,0.3028285270796137,2.5221147617063195,5
sample_1247,1.6283023191265147,0.6686209477624617,2
sample_1248,-1.1175233501601467,-0.1149033032847584,8
sample_1249,-2.63553800461747,-1.7939928035924204,4
sample_1250,2.088708963292615,0.6293364647087705,2
sample_1251,-1.3624102974014984,-3.8417846490990244,9
sample_1252,-2.381803630742389,-4.2558998150209595,7
sample_1253,3.5712341915653876,-1.457649173096843,1
sample_1254,-2.578588330718511,-2.5257721640887048,4
sample_1255,-1.3609234749161196,0.5596183957551698,8
sample_1256,1.9704992220375073,0.6327239578982764,2
sample_1257,-2.712004284817894,-3.0447505673513926,9
sample_1258,1.4694873599344525,5.034502016881096,6
sample_1259,-2.6786130037310687,-2.2134987919726057,4
sample_1260,2.1415783967224513,-1.876439103722427,1
sample_1261,-2.1769015968718763,0.5205088348291551,3
sample_1262,-2.3871166325860202,-2.953811771737232,4
sample_1263,1.9588431718690928,0.6316134806205326,2
sample_1264,-0.10434726374908347,2.507500037252026,5
sample_1265,1.6103622715539336,1.002532609928009,2
sample_1266,0.12219792240629988,2.4138462728816426,5
sample_1267,0.5811213155234675,5.499105787999339,6
sample_1268,-0.45635067508803323,0.1131778181900017,8
sample_1269,-0.905474451466663,3.589692587718765,0
sample_1270,0.6115451749500954,5.283226295448229,6
sample_1271,2.8364517379892598,-1.834410630793077,2
sample_1272,-1.757546799122308,-2.439324994136891,4
sample_1273,-1.9876759809384974,-2.4620161740350177,9
sample_1274,-2.3892394876540273,-2.4427048261201896,4
sample_1275,-0.4257528132287454,-4.130092323889611,9
sample_1276,-1.9117218597809036,-2.8574404968331475,4
sample_1277,-2.110042659149317,4.86096612823679,5
sample_1278,2.1659113549432463,-2.197330540436875,1
sample_1279,-0.8951878179319372,2.8708516348039272,5
sample_1280,-1.0450576226033228,-0.1616912082411224,8
sample_1281,-1.596231658213838,-2.894606487731145,4
sample_1282,-1.8662566221909211,-4.35843323102349,7
sample_1283,-1.4674589181875906,0.4347007415322452,9
sample_1284,0.5525554366341451,2.697479447555975,5
sample_1285,-1.0209896268814806,-3.9130255423788065,9
sample_1286,0.4476817337193248,2.68144342926889,5
sample_1287,-2.5832975054407257,-3.400561388770651,9
sample_1288,2.092713782004141,-1.9855349226952803,1
sample_1289,-1.5046099368540544,0.29378948591899157,5
sample_1290,-0.37124588662653035,0.5882789226232259,8
sample_1291,-2.3548605760651604,1.2348713788270542,3
sample_1292,-1.7367522293657207,-2.7877557980886487,9
sample_1293,-1.1954877217769422,-3.7796720186275854,9
sample_1294,2.499073344330955,-1.6836631643963609,1
sample_1295,-0.3876406984646753,-0.064640373313265,8
sample_1296,0.008180622974746964,1.3580126590680504,3
sample_1297,-0.9106790258226131,0.24669254692582807,8
sample_1298,0.8651983599058772,5.044948852896857,6
sample_1299,-0.7850757272357308,1.8327802735298937,5
sample_1300,2.2051961515515988,1.115002949493515,2
sample_1301,-1.5329544361298684,-4.611937075666003,7
sample_1302,0.9550028451867884,0.6195496425346217,2
sample_1303,-0.6236799743485174,-4.888940448829173,7
sample_1304,1.1154685616763529,4.695204870126257,6
sample_1305,-1.0471609348077655,3.770625293142782,0
sample_1306,-2.0801936776770136,-2.888678973154616,9
sample_1307,-2.617244304153161,-5.092271290982566,7
sample_1308,-1.277795268228694,-3.6861812284151756,9
sample_1309,-3.410272042130191,-2.1591662804292233,4
sample_1310,1.2349144988332523,4.4687531581825155,6
sample_1311,-1.9692152237026759,4.729300286334828,0
sample_1312,0.6299213609368353,2.789353630041885,5
sample_1313,-1.2763512406908486,1.7220018849740522,3
sample_1314,0.37385764756282974,2.6169865160639483,5
sample_1315,-3.7434255081565744,-2.124079104179,7
sample_1316,-0.2601775398870481,0.9873377690141432,3
sample_1317,-0.9264333122668408,-3.700580535106785,9
sample_1318,0.16699848519190702,0.9447195601547141,3
sample_1319,1.5879923299664456,5.26375033991443,6
sample_1320,-0.7576394668456577,-0.4060780540253811,8
sample_1321,-1.5757421530902171,1.0768233919005177,3
sample_1322,2.451081997917419,-2.926380467274104,1
sample_1323,-2.995774048465364,-4.315576184827646,7
sample_1324,1.1511426236834295,4.502119752761135,6
sample_1325,-1.0977066828323678,2.0355249419411887,5
sample_1326,0.616072180686574,2.70276776851005,5
sample_1327,-2.422675427320232,-4.215411578771951,7
sample_1328,1.0125695777762436,4.5994731283293575,6
sample_1329,-1.6418653775203556,-0.947103543656112,5
sample_1330,-0.12691124784160257,-0.2641308239601624,8
sample_1331,0.5572657893394283,0.852641182817165,2
sample_1332,2.1668879142302213,-2.7192456932003486,1
sample_1333,-1.3987922527456378,-5.025851770002024,7
sample_1334,-1.7524468239672473,-2.775632172596635,9
sample_1335,1.408533879361781,0.17156061255764174,2
sample_1336,-0.7445904896047877,-4.716707557061231,7
sample_1337,-2.1950299231801567,1.1500439935677766,3
sample_1338,1.4121613503458206,4.479959138447396,6
sample_1339,-2.7485437747443924,-3.9453298973183277,7
sample_1340,0.08305736167495166,0.29044668103504373,8
sample_1341,-1.9132722101051052,1.0060666096605493,5
sample_1342,0.4989069749408144,0.9713096413118929,3
sample_1343,-1.924235206404522,-4.038184443379671,7
sample_1344,-2.416030797660004,-4.840498631893324,7
sample_1345,-1.7335604129010838,0.20739658773881844,8
sample_1346,-1.817915460537417,-2.5851700951504246,4
sample_1347,-0.7523250236734702,4.253250968014859,0
sample_1348,-1.1228625105790786,-4.582924975201482,7
sample_1349,-0.9002037702356965,0.8347543419459937,3
sample_1350,-0.6362825586408164,3.5338919484039426,0
sample_1351,1.8419462243759246,4.72298936735763,6
sample_1352,0.07484497872488349,1.2635813657092654,3
sample_1353,-2.0191145380886053,1.8383053302571608,9
sample_1354,-1.265149490185242,-4.778033329070985,7
sample_1355,3.8758642924049957,-1.1495803937438973,1
sample_1356,-1.439321397022661,-3.516098952612816,9
sample_1357,-2.2494868306785,2.1451841133435074,5
sample_1358,-0.0484363294517423,0.9317302795228457,3
sample_1359,1.2339453818535802,4.29270672977229,6
sample_1360,-0.677236655248353,3.731183982080077,0
sample_1361,-2.3181417232371664,-2.15624173170664,9
sample_1362,2.2325249256425885,0.92837667516583,2
sample_1363,-1.3153538435531336,-0.011668560829542504,8
sample_1364,-1.4984327397531125,4.837524951279285,0
sample_1365,-1.8795971327647627,0.5567202511558026,9
sample_1366,1.9313087625464256,-2.581011521881572,1
sample_1367,0.4478358048829464,5.987863604886846,6
sample_1368,-1.4092742767615833,4.435720745372528,0
sample_1369,-1.8138599061751626,4.556811837629719,0
sample_1370,2.2065049045019776,-2.496001741058861,1
sample_1371,-3.4555629773843908,-2.640602907578227,9
sample_1372,-1.118777867041091,4.080109058859627,0
sample_1373,-1.8806415281634234,4.1823726818355755,0
sample_1374,-1.830551926645898,-2.830943862579233,4
sample_1375,2.1142714208160784,0.5201257484439595,2
sample_1376,1.9870190877016838,-1.996005602271965,1
sample_1377,-3.6194352542307526,-1.4785917345121027,7
sample_1378,-0.6258354198978681,3.368739749829342,0
sample_1379,-1.5591461688434634,0.8611126580948963,3
sample_1380,-1.9842800090962076,-2.655763546778541,4
sample_1381,-3.5482377215018497,-1.600713974388837,4
sample_1382,-1.3553910428737637,-4.754146062201471,7
sample_1383,-1.8683929028013109,0.5494027248185482,5
sample_1384,-1.580011479601813,-3.4610876565835356,9
sample_1385,-0.3048098379276645,0.07313539926701615,8
sample_1386,1.7366395362710714,0.9880379925757644,2
sample_1387,-2.179379844120449,4.747825643801117,0
sample_1388,-0.23055719787036213,3.2544105431356822,0
sample_1389,-0.7261706670114575,0.12492633286753337,8
sample_1390,1.4561227508866137,4.240513288880988,6
sample_1391,1.6060639091157447,-0.18063071364187513,2
sample_1392,1.7460864192203769,1.0494882079576735,2
sample_1393,-1.6362883945959161,-4.816166331332437,7
sample_1394,1.2773362475735683,4.623543932655558,6
sample_1395,3.683120326707994,-1.3397245591542613,1
sample_1396,1.8680875287268586,0.6486226793598547,2
sample_1397,-2.3471885912945654,-3.295036400578439,9
sample_1398,1.8515536561696162,0.7220531382402016,2
sample_1399,1.5987445662833752,4.236625272393911,6
sample_1400,-2.665157292612453,-3.102335327373806,9
sample_1401,-2.131286371169881,-4.418884661984648,7
sample_1402,-2.833574386690381,-2.68244927832674,9
sample_1403,-3.189428783663903,-2.188533455331603,5
sample_1404,-0.8518687110901731,4.373100875309478,0
sample_1405,1.4710526791590506,4.377997114232482,8
sample_1406,2.0374532545232187,-3.52920394956996,1
sample_1407,-1.5923369979935422,0.25811174758413874,5
sample_1408,2.078909257927876,1.8600529327706201,2
sample_1409,-3.0453324499690297,-2.265476806366508,4
sample_1410,-1.491034285699877,1.5673951286771413,3
sample_1411,-1.374555984825124,-3.1256918777806724,9
sample_1412,-0.21427307119568667,-3.056193622122661,4
sample_1413,-2.080037640603316,-3.3395197378421972,7
sample_1414,0.19449871428722088,2.807000265784202,5
sample_1415,0.3685589649128385,5.851216960533403,6
sample_1416,1.4125078939615763,4.375770466330763,6
sample_1417,-3.9233713629648364,-1.96602535674914,7
sample_1418,-1.6869943998626042,-5.145528909580378,7
sample_1419,1.195005558740751,5.3675642838012525,6
sample_1420,0.2617562839683909,-0.1191644077987588,8
sample_1421,-2.323915304166307,1.9042661279830229,5
sample_1422,-0.4632767943722247,-4.00533658490251,9
sample_1423,-1.5804993173531579,-4.66988005152483,7
sample_1424,-0.40177917085677495,3.8066739901733793,0
sample_1425,0.538780385918934,5.900807947858351,6
sample_1426,1.982946474822811,-3.8614730222231666,1
sample_1427,-2.6885602176026717,-3.403500840273749,9
sample_1428,2.124496359384953,1.9037478019169944,2
sample_1429,-2.0705026809164853,1.8751136753384599,3
sample_1430,-0.8691631720219504,1.1348660933460035,3
sample_1431,0.1911628186496858,2.45622901467569,5
sample_1432,-1.0349227366241451,-2.6612643386788903,4
sample_1433,-1.7906231174961575,1.0528078417214337,3
sample_1434,0.6014052930894495,2.811979688644747,5
sample_1435,-0.9079379045656354,-0.23052179084773644,8
sample_1436,1.374656856570784,4.117982157391515,6
sample_1437,-0.8445935550026543,0.6988941304854176,3
sample_1438,-1.1006933246817237,-5.014195269411151,7
sample_1439,0.9207232859613304,0.5128824879301562,2
sample_1440,0.2119882523762669,-0.2863471747655618,8
sample_1441,-3.358336752646502,-1.4805878046121763,4
sample_1442,-0.5505158025362047,-4.236438321739081,9
sample_1443,0.24899743585590783,2.410482399723607,5
sample_1444,-0.7620036883803273,4.280437599166123,0
sample_1445,1.4362057590375428,1.1560268671079157,2
sample_1446,2.366586201600365,-2.8481901604300117,1
sample_1447,-3.3701070068388077,-2.594729072764144,4
sample_1448,2.1150668649084383,1.7458847930656527,2
sample_1449,-3.210848618545025,-1.545196304276386,4
sample_1450,-1.6726873948250738,1.8701027533936987,3
sample_1451,3.6663565594384293,-1.5294662838842081,1
sample_1452,-0.5189655281532274,-4.864549237272336,7
sample_1453,4.01096096293939,-0.9029523597916288,1
sample_1454,0.2590147644180146,-0.3543710167260061,8
sample_1455,-1.9950634088260621,3.6584560555079766,0
sample_1456,0.08913023072193003,-4.045101916151515,9
sample_1457,1.2758280483831164,4.884781673255345,6
sample_1458,0.05856624073773005,-0.3523895243724584,8
sample_1459,3.075737086663959,-2.366757194637195,1
sample_1460,-0.27747836930392433,-3.901003947858835,9
sample_1461,-3.480941566353529,-1.6350654692564246,4
sample_1462,-0.1830492620766968,-3.0133646288395353,4
sample_1463,-3.2076718740469605,-2.260536222011407,9
sample_1464,2.091201574728098,-3.3280102667956144,1
sample_1465,-0.502584484640024,-0.02975941502667614,8
sample_1466,-0.33825024781785584,-4.0011567945037125,9
sample_1467,0.519169591237754,5.933896969552324,6
sample_1468,0.26090664865425617,2.8159361451977576,5
sample_1469,-0.502696377929522,1.9850226433098561,5
sample_1470,-0.6795479318839518,1.545356141617166,3
sample_1471,-1.4279101415400313,1.1045688656311132,3
sample_1472,-0.9844587871595715,4.330767388938457,0
sample_1473,3.8367071364633323,-0.9535176662486318,1
sample_1474,2.16827559735597,-3.734359405464384,4
sample_1475,-1.900438763744131,1.1904820396448084,3
sample_1476,0.1453101123785623,-0.3571796958935712,8
sample_1477,-0.5804334936553739,1.1557150970516616,3
sample_1478,1.662613271023893,-4.0998591379676865,4
sample_1479,2.0099379492655647,1.7617846321582562,2
sample_1480,-0.9559376759296339,4.34606049197643,0
sample_1481,-2.083291430874172,-5.085256024050329,7
sample_1482,0.682731242386202,2.7567075363170956,5
sample_1483,-0.7707670233523705,1.7435915573424345,5
sample_1484,2.3691338067443457,-3.498268912926718,1
sample_1485,-0.7770726569260777,0.17553545209962254,8
sample_1486,0.26544580020708414,2.8019229745582055,5
sample_1487,-1.342636250055077,1.278489484974082,3
sample_1488,-0.8473011248325686,-2.8238904338913544,4
sample_1489,0.6747517975833051,5.827099096276343,6
sample_1490,-0.9345851243542096,4.426390038885013,0
sample_1491,-1.53311801842239,1.3499304426178638,5
sample_1492,-0.7513945574743973,-4.493498968435611,7
sample_1493,2.434611467779115,-0.282430541904651,2
sample_1494,1.2723918386843118,4.928373150461683,6
sample_1495,0.549701281906919,5.958219354177776,6
sample_1496,-1.2351608739671855,4.013968800170337,0
sample_1497,2.6743388432607436,-2.7095939378052787,1
sample_1498,2.0472544632864627,-3.651306237511786,1
sample_1499,-3.302715534025965,-2.899569475595535,4
sample_1500,-0.8445713412553557,-4.786088014401493,7
sample_1501,-1.6917339744298787,-3.7764878193241214,9
sample_1502,-0.8710202064054922,4.371728791906688,0
sample_1503,-2.0526074687777256,4.1785749226391795,0
sample_1504,1.4757445512681788,4.2442475864679565,6
sample_1505,0.7058127804727463,5.938535023985228,6
sample_1506,0.1312786109184194,-0.23791068028640824,8
sample_1507,1.872089553697441,4.746097704837734,6
sample_1508,-0.5391685250987871,-3.7108173542014438,9
sample_1509,-3.290769016523069,-2.30876009892663,4
sample_1510,0.0427673573851037,2.89039430774446,5
sample_1511,1.3847964912831394,0.969588782327437,2
sample_1512,-0.3001928943449867,-2.992054629400045,4
sample_1513,2.356544805928719,-1.433520989685951,0
sample_1514,-0.6965716144791037,-4.9005764118649076,7
sample_1515,-1.8759876406794946,-2.32662028098462,5
sample_1516,1.4810667683966823,4.130643098419614,6
sample_1517,-0.7701133789873115,1.8290914318105485,5
sample_1518,-0.8494338122001152,4.296261723500287,0
sample_1519,-3.661432336691341,-1.6502849018147168,9
sample_1520,0.3357452402023794,-0.21553426471896936,8
sample_1521,1.4347075130354614,5.506111071915231,6
sample_1522,2.035259836847616,-3.373496015526606,1
sample_1523,-3.220638197203879,-1.5541236488334291,9
sample_1524,-0.627210127513399,-4.840411994150467,7
sample_1525,-0.6986426422505174,1.821675655074936,5
sample_1526,-0.7028417304509539,-4.841703215725659,7
sample_1527,-2.487086914688705,1.6571217047407598,5
sample_1528,2.0557298092162504,-3.9859979682773217,1
sample_1529,3.547383252851643,-1.3765480458436044,1
sample_1530,-0.35867018170288933,1.7395383162987383,3
sample_1531,-2.2039051578596145,4.725102130290196,0
sample_1532,2.2690099600632636,1.0899437577354032,2
sample_1533,-2.388080614948499,4.540794078636858,0
sample_1534,-0.5455925271527031,1.413575042447491,3
sample_1535,-1.9490893855076594,0.08480106817477678,8
sample_1536,1.976394430027879,-4.095429365600605,1
sample_1537,0.7035970953628892,5.329874254955981,6
sample_1538,-0.2910882767617446,-3.023998004520442,4
sample_1539,0.4396017945812899,5.791374156711684,6
sample_1540,2.1624540170182285,1.854731174773303,2
sample_1541,1.4346493648087038,5.346308720041603,6
sample_1542,-0.27247362929689073,-2.9885476612469715,4
sample_1543,-0.661566045059224,-0.2957443971697424,8
sample_1544,-0.04697073358285968,-0.2729257451477663,8
sample_1545,4.072850843722288,-0.9681801647650963,1
sample_1546,2.1582053340952334,-3.5526248373446894,4
sample_1547,-3.2888462971637784,-2.252868557237795,4
sample_1548,-0.6699470490175156,-4.599000335322255,7
sample_1549,3.9387956794194303,-1.1409715489454308,1
sample_1550,2.049831953232234,1.8413837445261585,2
sample_1551,0.6854962863758861,0.9459631597283479,2
sample_1552,-0.6053628818588577,1.6049885185695714,3
sample_1553,-3.1659528663657692,-3.084193431190658,9
sample_1554,1.6643187004785203,4.401925134141076,6
sample_1555,3.6305714997400784,-1.1773046784262924,4
sample_1556,-0.835391275002798,-3.897966654228491,9
sample_1557,-1.263589109821829,1.3908767363302241,5
sample_1558,1.5042256248533157,4.085268495858288,6
sample_1559,1.562654722695556,1.5489736668452414,2
sample_1560,-0.48618989542751945,1.8888196791665175,3
sample_1561,-3.2869493846596396,-2.357911743081784,9
sample_1562,2.1837020318053835,1.9261552222029135,2
sample_1563,0.8844977952412637,5.608073636821624,6
sample_1564,2.161950363669258,1.8721216113789725,2
sample_1565,-2.3736305860322346,-4.230688148507205,7
sample_1566,-0.7136861599434744,-2.7943821060035363,4
sample_1567,-1.2826567814307472,0.8932722835047028,3
sample_1568,1.2420061460701093,4.568456071203218,6
sample_1569,-3.199585703830836,-2.4289516063893983,4
sample_1570,-0.17124217281930654,-3.9161072548078195,9
sample_1571,-1.169294993315391,-4.527048728353086,7
sample_1572,-0.8162886759741663,4.271436898677693,0
sample_1573,2.7642897106692166,-1.7892028019285082,2
sample_1574,-0.7259340521035479,-2.4656794462630094,2
sample_1575,-2.007327656868681,-2.438226782239214,9
sample_1576,0.29286054437934406,2.849037862307278,5
sample_1577,-3.5631814477047365,-2.5461303209052755,4
sample_1578,0.006880594185658129,2.8054453465617266,5
sample_1579,-1.7168366309652283,3.5947625110193355,0
sample_1580,2.028355892453924,-3.6571905503136257,1
sample_1581,-3.287224027226851,-2.6597462777985537,4
sample_1582,-1.8409328002900929,1.328274212261626,3
sample_1583,1.1017034903765623,5.550493004426385,6
sample_1584,-1.6898619324044883,1.607746242242812,3
sample_1585,1.9391786747585331,1.727314511966259,2
sample_1586,-0.7458248296758445,-4.067990868087586,9
sample_1587,-1.7933594932970736,-3.2423283714121887,7
sample_1588,0.00913852196184432,2.975988892080694,5
sample_1589,-1.8770956668763914,0.9366613066399418,3
sample_1590,-0.45099287025658524,-4.843481245355931,7
sample_1591,-2.278538807540261,4.768066912774058,0
sample_1592,-0.6144881680809593,-3.8019644020350647,9
sample_1593,-0.8695104969410962,1.7156496591070722,5
sample_1594,0.2868628290476564,-0.22454911151309268,8
sample_1595,-0.794691492866898,1.3854446618393919,3
sample_1596,2.2188518737786103,1.9252368213351225,2
sample_1597,-2.4069072931205344,4.575078017780551,0
sample_1598,1.8500905978835638,-3.9836388992131577,1
sample_1599,-0.07970741074842563,0.27836003357609296,8
sample_1600,-0.5111914977311236,1.384190237458627,3
sample_1601,-1.2113090515740876,3.220557033063699,0
sample_1602,1.9913426470486686,-3.9803807600076833,1
sample_1603,1.18376482690338,0.3336744454312492,2
sample_1604,-0.5346788809734333,1.3817573809353418,3
sample_1605,-3.509928803496612,-2.2746417421372547,4
sample_1606,-1.37274582135692,4.071081614030911,0
sample_1607,-1.8605227747271185,4.0455304928760665,0
sample_1608,3.086801483849583,-2.1097070412803696,1
sample_1609,-3.486053010429373,-2.8975976548653066,7
sample_1610,1.4829577326727739,0.29660353729413624,2
sample_1611,-0.22047964414035245,-4.028268996149404,9
sample_1612,-1.30162646551559,1.7223245043693898,3
sample_1613,-1.4208417248242209,-3.8825680473461768,9
sample_1614,-2.290961622990593,-2.5634372243011385,4
sample_1615,0.776577745822381,-0.8317562958465102,2
sample_1616,-0.10918739817048383,2.2975963973872773,5
sample_1617,-1.982954930220809,0.2499221241673062,8
sample_1618,1.5898779989152514,4.784298466870505,6
sample_1619,-2.177603155972661,-3.0215192085891247,7
sample_1620,-1.8887259285449864,-4.939121532925455,7
sample_1621,-3.68422356507317,-1.8226453169475334,9
sample_1622,0.03662350712879015,-0.18326735254066687,8
sample_1623,-3.3983381586584414,-1.9439991783680992,9
sample_1624,-1.7443051293398313,-3.5454751078976456,9
sample_1625,1.9387794589954446,1.509409685950815,2
sample_1626,-1.3322687960650692,4.583055986240578,0
sample_1627,-2.0066537447860493,4.482073005418706,0
sample_1628,2.266536951283217,-3.12973470031069,1
sample_1629,-3.298559202521795,-2.8009927638514656,4
sample_1630,1.7257827324351889,0.6112861420430463,2
sample_1631,-2.9769927785340324,-2.398855078187364,4
sample_1632,-1.6973423788356323,1.5513742299153195,3
sample_1633,-3.3966289922931177,-2.5567141992373115,9
sample_1634,-2.4585570570288153,-2.24776640732362,4
sample_1635,-0.7256376397458553,1.4369891523719156,3
sample_1636,0.29972042296652734,2.6055518308209673,5
sample_1637,-2.253084051649859,-4.498243100243254,7
sample_1638,1.1647233684727816,5.0647631001827556,6
sample_1639,0.1916772863766499,2.524398014754927,5
sample_1640,-1.6137330344755338,-4.91293711854649,7
sample_1641,3.6186109977248546,-1.70967397098669,1
sample_1642,-0.2516367228125632,-0.3065140190148326,8
sample_1643,-0.7429899940988111,3.9211387887244413,6
sample_1644,-1.5944024229122677,-3.4595094992927455,9
sample_1645,-1.9705674239498125,0.802329186379962,3
sample_1646,-1.848287434704101,4.6619417151902685,0
sample_1647,-3.309970071437936,-1.8818734498639982,4
sample_1648,2.5574388753751243,-3.01372413175049,1
sample_1649,0.5576549645517356,0.4277671968168662,2
sample_1650,1.6977520310042156,0.689315613609344,2
sample_1651,-1.583542013034713,1.05758174505024,5
sample_1652,-0.8924680609788713,1.6824180842253282,3
sample_1653,-2.9390594397474477,-4.854972608184333,7
sample_1654,-2.1713675459093165,-2.4951663990189705,4
sample_1655,3.88656074258633,-1.2564706987370666,1
sample_1656,-2.0963146817886154,-5.016077115309339,7
sample_1657,3.0520530058822675,-1.8325951876451512,7
sample_1658,-0.1459239684461084,-0.07028768666912619,8
sample_1659,2.7383348458582066,-2.5968689334772916,1
sample_1660,-1.2796420017829793,-3.5397309550968243,9
sample_1661,0.6799734390243113,0.5443176994540843,2
sample_1662,-0.8942095504655556,1.9141408049602935,3
sample_1663,1.4171857568532076,1.992668500053864,2
sample_1664,-2.083365097469714,-2.664864948304375,4
sample_1665,-1.7320202271469949,4.863799221290541,0
sample_1666,2.5117313483794046,-3.191833685349083,1
sample_1667,-1.2721376094145598,-0.1400930873475518,8
sample_1668,-1.484150681682135,-2.9362103134666118,4
sample_1669,-0.7501654452592967,1.105870840402723,3
sample_1670,1.3218585881048293,4.901163404995951,6
sample_1671,-1.765400608777185,2.3697395423484786,5
sample_1672,1.6080039178434167,4.780141564533763,6
sample_1673,-3.5223892802547185,-1.780017246241488,4
sample_1674,-1.9139053705481934,-4.914767720376463,7
sample_1675,-1.7761568530820129,3.4874474453314113,9
sample_1676,-1.0566523281472886,1.2125010388442976,3
sample_1677,3.749506221064008,-0.741588889016149,1
sample_1678,-1.0716463979719983,1.4843590023577535,3
sample_1679,-1.2918055627708283,4.574338663111504,0
sample_1680,1.9762072808316284,1.5779476760828182,2
sample_1681,2.509239899247284,-2.7043742281240366,1
sample_1682,2.420090552797245,-2.793341612322967,1
sample_1683,-1.9550741022630918,4.216399131826619,0
sample_1684,-1.6326600072287194,-2.4623455027105323,9
sample_1685,-3.1728336761522145,-2.4969810270066954,9
sample_1686,-2.365596799371339,-2.223278118202302,4
sample_1687,1.83512463461716,4.45053401195306,6
sample_1688,-1.7831305838498581,-4.953314635820275,7
sample_1689,-1.958223345518851,5.130364362280662,6
sample_1690,-0.8943589492679453,1.6153940330590597,3
sample_1691,0.02551788480979575,2.573167703811921,5
sample_1692,-0.02132678993741094,2.3294586718603685,5
sample_1693,-3.4108278218151535,-2.4418106432207085,4
sample_1694,-1.93859008011774,-2.678860507775141,4
sample_1695,1.4426305732660687,5.438360983996737,6
sample_1696,-2.130057389908314,-2.9272373617078253,9
sample_1697,3.9693737234317954,-0.8784644530948325,1
sample_1698,2.579780327052766,-2.7157187859419403,1
sample_1699,-1.8707114376919678,1.3337229619981095,3
sample_1700,2.9129826856307566,-2.4887859010341153,1
sample_1701,3.6627499760858235,-1.457388380477243,1
sample_1702,-1.6554106752023314,4.460782354283796,0
sample_1703,-1.5334724302168368,0.05374145144984071,5
sample_1704,2.525958502058435,-2.707911968662114,1
sample_1705,3.1861403018765233,-1.62733151276738,4
sample_1706,-2.0339775830004365,-2.948771646425742,4
sample_1707,1.1539927258298233,4.996474652722665,6
sample_1708,1.3400462438396632,4.907502021865277,6
sample_1709,1.1474299221444595,5.4244716070995995,6
sample_1710,-1.7176656488217683,4.085452557221027,0
sample_1711,3.8080251998402637,-1.1063520086596428,1
sample_1712,1.5866466467528955,0.40411796682391876,2
sample_1713,-1.0228643177559817,3.793717549409931,0
sample_1714,-0.3462785234721366,-0.3597947878489706,8
sample_1715,1.1481094002755754,0.35832364008738793,2
sample_1716,1.8868863503972049,1.3240270755714518,2
sample_1717,3.8907746728005694,-1.225733669092791,1
sample_1718,2.6587208035329373,-2.7363954753671824,1
sample_1719,-1.191857227907509,1.4044465122382037,3
sample_1720,-2.445530133473899,-5.044006164323934,7
sample_1721,-2.9024277776174543,-2.826888668077607,9
sample_1722,-1.707675221922971,-0.25032251713780673,5
sample_1723,-0.4578027597744195,1.0648431638878326,3
sample_1724,-2.143448442017055,4.757596745599189,0
sample_1725,1.9997599495253005,1.9579729046234984,2
sample_1726,-2.2588458292394322,4.8868965416907,0
sample_1727,0.995357944716643,5.219709052357142,6
sample_1728,1.3172588444605766,0.5032712168566036,2
sample_1729,-1.1719357544813058,-3.7823526778309615,9
sample_1730,-2.1826943546705317,4.923276016950243,0
sample_1731,-2.0288516690794016,-4.510386056661035,7
sample_1732,1.1089371854949372,5.078209708544828,6
sample_1733,-3.0754055263445625,-2.5502772687485207,9
sample_1734,-2.369784145171524,-3.1012865182730054,9
sample_1735,2.7805956140155446,-2.5729056605423675,1
sample_1736,1.2977625229259584,0.5457745673039747,2
sample_1737,-2.246910817988303,-3.419407083523567,9
sample_1738,-1.1788500064476577,1.7410811451954147,3
sample_1739,-2.5908373790725165,-2.743449102657221,4
sample_1740,-2.100107666857229,-4.788995147549691,7
sample_1741,-3.6746788383528717,-2.4922042994706346,9
sample_1742,1.5981509251751438,4.308166849019764,6
sample_1743,-2.2298294919785855,4.2637843293427515,0
sample_1744,-2.373198616976631,-3.0400921015473528,9
sample_1745,-3.3387405762721025,-3.030505347992971,4
sample_1746,-0.18157821808072003,-0.20476320366662654,8
sample_1747,-2.1568463721808273,-4.4747227362982045,7
sample_1748,-1.790873493254131,-4.912185876068456,7
sample_1749,-3.065974305666966,-2.4902234770931972,9
sample_1750,-0.10877605243490972,-0.25984032760772796,8
sample_1751,1.7426519472009796,4.044772625162814,6
sample_1752,-2.1951061482745664,-2.977067001805718,9
sample_1753,-2.2179923126887138,1.7185790990472665,5
sample_1754,0.8517428107660989,0.47522361164627125,2
sample_1755,2.107163898516031,1.0813680287796295,2
sample_1756,0.829908833975444,0.5021968938092974,2
sample_1757,-1.9128539413806402,0.9971579134533874,3
sample_1758,-2.4507435333305194,-2.5917684359890663,9
sample_1759,0.2622835852654414,-0.2230006312397667,8
sample_1760,-0.05901216229364877,-0.556638668250431,8
sample_1761,-1.1353141893766334,0.366848266111857,8
sample_1762,1.3153700179686068,4.392404890002706,6
sample_1763,-2.4408528105757847,-2.891024091336261,4
sample_1764,-1.1044510166504253,-3.046540274842056,4
sample_1765,-3.3348735783144177,-1.9431880955670182,4
sample_1766,-1.0591191501093107,-3.2204383023140823,4
sample_1767,1.438628035698065,1.4178787326438658,2
sample_1768,-1.0460716859611405,-3.0526234953339313,4
sample_1769,0.7220766286218774,5.589169410679594,6
sample_1770,-2.029250154671805,4.672203331120877,0
sample_1771,-1.7369885623801913,-4.6861274398381045,7
sample_1772,-2.1550828052759936,4.75783809383814,0
sample_1773,-2.4616367284202116,-4.0351582730543045,7
sample_1774,-0.19543727106937717,-0.23931298536629036,8
sample_1775,1.4148783171349575,1.4825091220170823,2
sample_1776,-1.734472047341289,4.755011044605466,0
sample_1777,0.41688537665990305,2.0433501277833264,8
sample_1778,-0.2284236686271903,-0.2142659587769991,8
sample_1779,-2.0999155807277856,1.5936207388704509,3
sample_1780,1.6078948984957881,4.571690849886976,6
sample_1781,-0.9461178727102796,-0.009522937098869609,8
sample_1782,1.0272054855228379,4.858444235769709,6
sample_1783,0.6143997305146027,5.931001596474211,6
sample_1784,-0.16215715796745325,0.17827932886784797,8
sample_1785,-0.5325930782916171,2.424922292296036,6
sample_1786,0.3950541247875936,2.5877596451241063,5
sample_1787,4.077862836936154,-0.9408866610429859,1
sample_1788,2.663923202404837,-2.8097006724082507,1
sample_1789,-0.9882139835871748,-0.30583451751720986,8
sample_1790,-1.7491182263691964,-5.014465570698294,7
sample_1791,-2.0183443032496537,0.7857311634798595,8
sample_1792,-0.5614657615873117,1.4562613995012008,3
sample_1793,1.4560198877357386,5.492313284700981,6
sample_1794,-0.21140636164668317,-0.347422698503941,8
sample_1795,-3.240188245632134,-2.5801005592444817,9
sample_1796,0.33959546282055825,2.4345198345810943,5
sample_1797,-1.6813636071458016,3.8137717674979723,0
sample_1798,-1.5345118652529877,4.902801760696468,0
sample_1799,-2.383006510880175,4.728312860141507,0
sample_1800,-0.5680737789480059,1.439598172869777,3
sample_1801,1.4758569504704946,1.1469736887328938,2
sample_1802,1.5864030182165472,4.2721604336723775,6
sample_1803,1.0080337647622823,5.697436963263579,6
sample_1804,-1.4000093622540957,-5.074491032924664,7
sample_1805,-0.18922975137914108,-0.5361295054202088,8
sample_1806,-0.5923442459813884,1.3886422863552832,3
sample_1807,-1.3544776281608883,-0.5895112128486123,5
sample_1808,2.6431130563974334,-2.7147855287430924,1
sample_1809,-2.8009680058667246,-3.1759353036792612,4
sample_1810,-1.8424763922503142,1.3621419280061373,3
sample_1811,0.3883570355281581,2.6017416298535636,5
sample_1812,-1.7409059326082001,-3.4350051136224775,9
sample_1813,3.5270867304576714,-0.6511989335192694,4
sample_1814,0.1998512738900415,2.364856503017938,5
sample_1815,1.1615562932905255,2.9179644924793777,4
sample_1816,2.3121082745884594,-3.893485675257902,1
sample_1817,3.4884488234371616,-1.4184125207571674,1
sample_1818,0.07304337207667416,2.2225311677558297,5
sample_1819,-0.8943292196553694,-3.0807251962674527,4
sample_1820,-1.4151307055511955,4.685765769423208,0
sample_1821,-3.371669518814406,-2.3006120219050556,9
sample_1822,-0.6615070043001253,-4.588317509712345,7
sample_1823,3.897819451649387,-1.5156568424565233,1
sample_1824,1.2373894754975363,0.7381438939391307,2
sample_1825,-1.5732454330850958,0.7812059514052744,5
sample_1826,-2.311853079790922,-5.018594419795014,7
sample_1827,-3.70453932328262,-1.8250365686970296,9
sample_1828,-1.768206659507432,-2.4042768850791547,4
sample_1829,-1.6920461532127617,4.99270851981975,0
sample_1830,-0.30360301970666514,0.9850607161556292,3
sample_1831,1.1566953753427165,5.198514141403041,6
sample_1832,2.4644894528600494,-3.1855209256731376,1
sample_1833,-1.69517109657167,-4.226234454843828,7
sample_1834,-1.2588161809007958,-5.057757774646031,7
sample_1835,-1.090106139634504,0.137494109198856,5
sample_1836,1.57314913955922,4.257454342085483,6
sample_1837,-1.3418864066380798,0.791051386210249,3
sample_1838,-1.6814592874408902,4.268681734078677,0
sample_1839,3.984138482159775,-0.9746496009180602,1
sample_1840,2.9345413752429024,-1.7335238752039293,1
sample_1841,-3.5527746637010225,-1.941754921807763,4
sample_1842,2.2357450996627604,0.6439334005131478,2
sample_1843,-3.55251216287092,-2.4747306848516093,4
sample_1844,-1.7104211378422012,1.6222079133228926,3
sample_1845,0.8159612017586629,5.132699868618403,6
sample_1846,-2.4485135225535304,-2.1121220626559594,4
sample_1847,1.9493473488109703,-3.0774325137181364,7
sample_1848,-1.1297026695871557,1.8372923276525435,5
sample_1849,-1.8051966837978808,-4.625123427660249,7
sample_1850,1.0517931213106415,5.476443593259781,6
sample_1851,-2.434580726925748,-3.3631329688189413,9
sample_1852,-3.0143453046748245,-4.737184806021126,7
sample_1853,2.3570418890807385,0.6284214716933461,2
sample_1854,-0.8756684489987565,0.016906934170215698,8
sample_1855,-1.8274565558111606,-3.297095002212703,4
sample_1856,-3.415393850133866,-2.552364681279045,9
sample_1857,-0.2645588613704665,0.3509500278518715,8
sample_1858,-1.8757843179124742,4.451906611476251,0
sample_1859,-3.0892874289408576,-4.522492789179906,7
sample_1860,2.5793741224147118,-1.9317987468505666,1
sample_1861,2.055230842812681,-4.03765811554415,1
sample_1862,2.292655056841916,0.6160114935348747,2
sample_1863,-1.326093941623631,1.247863513899371,3
sample_1864,-2.0127085077800797,0.47581073710380895,3
sample_1865,-0.7903261015650471,1.9834211221482467,5
sample_1866,-2.3501599854960125,-2.4213881134980757,4
sample_1867,1.6310165332208906,5.092134861906733,6
sample_1868,0.2622044579634537,2.2060420947504604,5
sample_1869,-1.9747718080998982,4.601457551406047,0
sample_1870,1.4886532689564165,4.876285065761131,6
sample_1871,-0.8822041936395087,1.6638788016583488,3
sample_1872,-2.6137322383002317,-4.980203946250254,7
sample_1873,-1.1416814439182852,0.9528249094354816,3
sample_1874,0.1834763224935983,0.3003010269994934,8
sample_1875,1.486494932514537,0.22285645232081472,2
sample_1876,-0.2583673327457723,-3.571018849311683,9
sample_1877,-2.229482495544685,5.0088828647015236,0
sample_1878,-1.5178580060772426,3.601372592858774,0
sample_1879,-2.8876638782402533,-3.0896626341243354,9
sample_1880,2.7839881260857693,-2.133689083844155,1
sample_1881,1.5627998914908678,0.21564710192416267,2
sample_1882,2.3392051117636026,0.7130987750661957,2
sample_1883,-2.757774240810021,-2.787444448087748,9
sample_1884,-1.663999129533182,1.662358316963885,3
sample_1885,-3.210198229470424,-2.5311125420769676,9
sample_1886,-2.1657854951295348,-2.471171554376706,4
sample_1887,0.6238309971826299,5.872591554344848,6
sample_1888,-1.7686427884357314,2.145129557548701,5
sample_1889,1.4045790025359524,2.004238550127057,2
sample_1890,1.4949385730533746,4.112234648346548,6
sample_1891,1.7694815677463078,4.297025620187429,6
sample_1892,-1.3788908531267021,-4.817871204983272,7
sample_1893,0.7143253808035496,5.957468271130227,6
sample_1894,0.06709314870445157,-0.1994172547092593,8
sample_1895,1.6251201189566358,0.7318816977992619,2
sample_1896,-1.0796924368134315,-3.8974208890116238,9
sample_1897,1.8301465762726716,1.3093056662598614,2
sample_1898,-1.540357835984661,4.1552552839096775,0
sample_1899,1.2266848996352244,4.921740708574839,6
sample_1900,-1.9285253889325749,-4.359053089725059,7
sample_1901,0.854619748717419,0.48325903292619854,2
sample_1902,-0.3513680571043997,-0.37323070896391103,8
sample_1903,1.894713405138706,4.604294113775873,6
sample_1904,-2.1209370668408787,-3.4963113851040792,9
sample_1905,-0.9459503984806079,3.51140460418229,0
sample_1906,-1.9000191710972587,-3.571892616788972,9
sample_1907,1.8049555490965445,3.9700232258299097,6
sample_1908,-1.4249596187604405,3.870766652321674,0
sample_1909,-1.0920595414641143,2.0225996946282714,3
sample_1910,2.105555658235929,-2.77372465274514,1
sample_1911,3.3500311963705043,-1.8534635050573698,1
sample_1912,-2.353446063037863,-2.447499854590838,4
sample_1913,-3.630433156863912,-2.037798767058078,9
sample_1914,-1.0480340914376711,2.4652975798842407,5
sample_1915,-1.0094751941811464,0.5560713895344579,8
sample_1916,2.1596335835094105,-3.749929908112107,1
sample_1917,-1.5606437326129583,5.183646522354661,0
sample_1918,1.5218846261480978,4.271310975641829,6
sample_1919,0.6757022764214456,5.980345081745391,6
sample_1920,-1.5336530988227457,-4.71433929798449,7
sample_1921,0.8495783167315559,0.4035226179740582,2
sample_1922,-1.069850026131804,1.7444873282789817,3
sample_1923,-2.880981502442855,-2.3850065348020766,4
sample_1924,2.0760982719294625,1.9332752439476306,2
sample_1925,-1.0716998214257032,0.7521452731719935,3
sample_1926,-2.3427840990501343,-2.895090482598907,9
sample_1927,-2.2571057090666384,4.553984763991659,0
sample_1928,-1.5129760622716744,4.083531853522576,0
sample_1929,-2.391712563959124,-3.610525994167334,4
sample_1930,-1.1514883956725028,2.284738599447486,5
sample_1931,-1.6385917839755884,4.666296318910822,0
sample_1932,1.6850620575843722,4.023486012697223,6
sample_1933,-3.3651311931422536,-2.4237772857618065,4
sample_1934,-1.2184473080060714,-4.937513097060601,7
sample_1935,-3.006408143742706,-2.6224489632702426,4
sample_1936,-0.4034870158651256,1.9290500339802963,3
sample_1937,3.4167942415098884,-1.9164269132984937,1
sample_1938,-1.6703730339823146,-3.8616712028173676,9
sample_1939,-0.4590928582604548,1.3422489599390968,3
sample_1940,-2.1195260786560173,-3.476277242176655,9
sample_1941,-3.444096016874338,-2.713111800114733,9
sample_1942,-1.0328555003339055,1.6972488579706,3
sample_1943,3.7507648057027563,-1.6373297897953396,1
sample_1944,-0.5263309222991707,-0.06977262592994112,8
sample_1945,-1.2666017802427956,-4.726299258550499,7
sample_1946,3.2373284861888547,-1.942306991938668,1
sample_1947,-3.2320142031416106,-4.322857755391532,7
sample_1948,1.8253138699167792,0.30865876740305226,2
sample_1949,-1.7039684171548841,-0.6137888198163773,8
sample_1950,-2.264850594913481,-3.4363665018173863,9
sample_1951,-3.3403247088959236,-2.6300478987573754,9
sample_1952,1.7625266576779217,4.535875414966599,6
sample_1953,1.5899113132114724,1.5591390264252496,2
sample_1954,-2.206882220837898,-4.639611257331246,7
sample_1955,1.749224293271832,0.6457067434293646,2
sample_1956,-0.9395728679753489,2.2364196752658354,5
sample_1957,-0.8085837126314506,4.389231480451298,0
sample_1958,1.323774786914049,5.203681429740257,6
sample_1959,-2.6449607917905995,-4.226981087359623,7
sample_1960,-1.4922838211209577,0.7608260203623332,3
sample_1961,-3.1814081035789674,-2.5975497161758643,9
sample_1962,-2.27096573957179,1.9204782309132689,5
sample_1963,-3.5076993740469558,-2.618663393754657,9
sample_1964,-1.23888844561225,4.117047496918235,0
sample_1965,-1.3789541351568537,0.8367405144086395,8
sample_1966,-0.2019015358257506,2.380243312699577,5
sample_1967,-1.5300509755508351,0.4510443454819305,8
sample_1968,-2.0062621203805064,-2.6007368819272414,4
sample_1969,-3.0297670048929497,-3.6704394075600764,9
sample_1970,-1.4503891094993553,3.7447380770772902,0
sample_1971,0.24781951444076994,2.56910342166654,5
sample_1972,-0.36965188015757305,1.6720161341896178,3
sample_1973,1.5492402116095363,1.0203967922222246,2
sample_1974,-2.4593269770629766,-2.992573119947977,4
sample_1975,-2.3124959088006825,0.9092718149074165,8
sample_1976,-2.0249978304705083,-4.167696626686318,7
sample_1977,-2.691224259220929,-2.240031713285348,4
sample_1978,2.6999306335082505,-2.466593474303725,1
sample_1979,-1.030540780817391,1.2111896884490199,5
sample_1980,-2.8899043450856667,-2.200096877090045,4
sample_1981,0.6871736733428873,5.581972487969799,6
sample_1982,-1.357465339118447,2.9479351750502296,3
sample_1983,-2.9638504681894573,-3.9783319941516995,7
sample_1984,-2.3420626992994382,-4.9234179297452885,7
sample_1985,-3.6050009395264495,-2.475462877025044,9
sample_1986,1.6954195724227357,4.8028315265724935,6
sample_1987,1.3248547941089401,4.618163184763782,6
sample_1988,2.2778941917128277,0.5679944681036803,2
sample_1989,1.6523812360159544,-0.2603742217087872,2
sample_1990,2.5787208918817357,-1.8803550392126296,1
sample_1991,1.3750581017375827,5.403846701593871,6
sample_1992,-0.14158516414082895,2.376601875269898,5
sample_1993,-1.4557716102333509,-3.3020809441739383,4
sample_1994,-1.0870311907553647,2.3112485541662227,5
sample_1995,-2.113011017494491,0.7741868404037535,3
sample_1996,-1.7177911864130142,4.945818940921562,0
sample_1997,-1.4431272453442532,1.3848295220853408,5
sample_1998,-1.8100874348838714,2.206278730492839,5
sample_1999,1.2896396998318769,0.5330400411423146,2
sample_2000,-1.547789218407469,4.235077811563803,0
sample_2001,0.8600930618165376,4.748899401104252,5
sample_2002,-0.37991180637788946,0.05538404095301144,8
sample_2003,-1.809037493209495,0.02014343949885107,8
sample_2004,-1.773664870007219,-2.894736160858783,4
sample_2005,1.8087904714623297,1.4637860969674807,2
sample_2006,1.0781435460466715,4.986964099005793,6
sample_2007,-1.4412391467964658,-3.5167200957468476,9
sample_2008,-2.5398420243442046,-4.697579849668665,7
sample_2009,3.8074124281974115,-1.3614440593082502,1
sample_2010,-1.3759123631495849,4.434039627340443,0
sample_2011,0.868736065697006,0.509120549834268,2
sample_2012,-1.2329005868822862,1.731405556727566,3
sample_2013,3.8371364659186535,-1.2829106327867255,1
sample_2014,-0.7237431846118144,-0.10229739853659485,8
sample_2015,-3.104925440958496,-2.071798394642873,7
sample_2016,3.4884883709824015,-1.7059364428833017,1
sample_2017,-1.4152109016726113,-0.37658556989822456,8
sample_2018,1.7797202993382335,0.4423014749930211,2
sample_2019,0.49219911512295494,-3.807048677067375,7
sample_2020,1.9465780102582544,0.4368550741110464,2
sample_2021,1.249586646143389,5.577646114104731,6
sample_2022,-1.4055303168472009,1.0964361511716632,3
sample_2023,1.9335521322517721,0.6856549345143103,2
sample_2024,-0.5778457953711349,1.648861822150025,3
sample_2025,-2.626452297534664,-4.229081842719924,7
sample_2026,1.6646540090283286,4.40042975627824,6
sample_2027,-1.0989687326934912,0.7254034166096592,8
sample_2028,-2.6218664299689323,-4.712889423476652,7
sample_2029,-0.5759259072306392,2.0293438127508683,5
sample_2030,-0.6945101617150563,1.459920334746478,3
sample_2031,3.507400542176148,-0.6884568736134943,8
sample_2032,-2.9756608249936725,-2.547421383389315,4
sample_2033,-3.4604950301936164,-1.5938829316912964,4
sample_2034,-1.87609824649533,-3.1170232991267923,9
sample_2035,-2.708171691256085,-1.5875346778722084,4
sample_2036,1.0533260749148936,5.572019358843956,6
sample_2037,-3.546033329073355,-1.7132964939770166,4
sample_2038,-0.9504316065763865,2.1935287929895146,5
sample_2039,-1.0023226363244868,2.273352950353163,5
sample_2040,2.13529101854579,-2.4668304949196567,1
sample_2041,3.784779457032959,-0.7576933865607565,1
sample_2042,-2.1734107811044727,-3.230986538507885,9
sample_2043,-0.5767491826245007,1.041202827848255,3
sample_2044,-0.10073287419966202,-0.08165418755753112,8
sample_2045,2.8942852384459563,-1.7925105278949265,6
sample_2046,2.2406029853859946,-3.287071085057531,1
sample_2047,-1.6654492885348782,-2.8768437351553886,4
sample_2048,2.1690912292356397,-3.1783476672313618,1
sample_2049,-1.0954466134994651,-4.749454957540257,7
sample_2050,0.24543086992497573,2.338207992635832,5
sample_2051,-2.8246939758558964,-3.18466513784595,4
sample_2052,-1.665179595021127,4.883618997748954,0
sample_2053,-2.789930172993177,-2.6432769547600903,4
sample_2054,1.9669372726019405,1.7202562951213654,2
sample_2055,-1.9163245508105873,-4.643599452089263,7
sample_2056,-1.914046368394382,-4.520088795244175,7
sample_2057,-2.0720247987328504,2.2628289438138105,5
sample_2058,-0.7469221127986639,0.3313627676891525,8
sample_2059,-1.990743876289739,4.366293828645468,0
sample_2060,1.6194899406473293,4.808727993124048,6
sample_2061,-3.5059698178583742,-2.488862683506614,9
sample_2062,1.427385194320176,4.160172370904039,6
sample_2063,0.9177594686679094,4.933119775333596,6
sample_2064,-0.9453023669708465,0.002273231031925047,8
sample_2065,-2.909625926376323,-2.7422236791229433,7
sample_2066,1.6017570327097153,1.2963925204045614,2
sample_2067,-1.044619456213512,3.4614449870576722,0
sample_2068,-0.581179317382754,-0.051709575334034794,8
sample_2069,-2.326994116749005,1.7597252928514633,8
sample_2070,-2.416734437810055,-2.5271417767975457,4
sample_2071,0.3320933283111376,-0.352253053801547,8
sample_2072,-1.6137791201138487,-2.4824828189564743,4
sample_2073,-3.5500378553339416,-2.6429250731837253,4
sample_2074,2.117428679480102,0.5979592265191316,2
sample_2075,-2.086298848957107,1.1855546287507717,3
sample_2076,1.8018470128281894,0.4412722275204249,2
sample_2077,-0.7410829753735322,1.7054357039606904,3
sample_2078,-0.4307782818720419,0.1521834189627871,8
sample_2079,-1.752754658163514,0.8303404092891778,2
sample_2080,-1.5993772362083967,4.420810425674174,0
sample_2081,-1.3308299466252125,2.0258431131763968,5
sample_2082,-1.3678613285622936,4.0892712374543185,0
sample_2083,-1.418899024939062,4.031500475629472,0
sample_2084,2.6838342065240335,-2.6911791810132195,1
sample_2085,-1.6507028471266665,4.489286993419743,0
sample_2086,1.616714376243324,1.0276859198090187,2
sample_2087,2.7399057589405063,-2.675472466007863,1
sample_2088,-1.331524897418694,1.1203456086716082,3
sample_2089,-1.4054174013068277,1.2026536613071939,3
sample_2090,-1.6833482238183004,-2.708111916600499,4
sample_2091,-2.750390017911134,-4.482585155307723,7
sample_2092,-0.7864172578236146,2.1533881469408276,5
sample_2093,-2.371956776115854,1.2310530719581054,3
sample_2094,1.0479733169124763,5.5069041775254295,6
sample_2095,3.7461795343427062,-1.1770029386933143,1
sample_2096,-2.9227972882219757,-4.438662825040706,7
sample_2097,1.1481815445647512,5.153608680220304,6
sample_2098,-1.1193719604831942,-0.14337288639759974,8
sample_2099,-1.547332566098932,-4.5671917783931155,3
sample_2100,-1.837595717959363,-3.5059603701878013,9
sample_2101,-1.877876585028986,4.487581637075071,0
sample_2102,-1.5133540216755337,3.726690995941252,0
sample_2103,-2.7598269496738763,-4.064216998417342,7
sample_2104,3.112104512195255,-2.314678719951493,1
sample_2105,1.4657304784316194,0.9574334838908587,2
sample_2106,1.5594107313189107,1.3437428577451829,2
sample_2107,-2.2810805578389273,-2.3788145724603695,4
sample_2108,-1.6162397397469364,1.055645449747578,3
sample_2109,1.8750442735667423,-3.289105663832742,7
sample_2110,-2.076606217595341,-2.351295145022459,4
sample_2111,2.19722574372131,-3.527560142901401,1
sample_2112,-0.9889967121018122,2.465660853719614,5
sample_2113,-2.0614325760833543,4.017395405615917,0
sample_2114,0.7634332328853471,5.6568179227714745,6
sample_2115,-0.9786264960184128,1.7090123908520811,3
sample_2116,-2.705126977036987,-4.598910682243899,7
sample_2117,-1.5287848342335408,-3.41571963980226,9
sample_2118,-0.8401538592640055,0.18258929017857198,8
sample_2119,-2.86465765008233,-4.954828776302731,7
sample_2120,-1.4632858260322104,-3.5485189561173955,9
sample_2121,-0.3066822064783854,0.5063692937985257,5
sample_2122,-1.4157906950780155,4.323315545862665,0
sample_2123,2.6082793922646705,-2.761024175524247,1
sample_2124,2.5414905139584816,-3.176348658889329,1
sample_2125,-1.2533968736919474,0.3731575496709125,8
sample_2126,1.2294102335329007,1.0577983886324698,2
sample_2127,0.40608138466712473,5.923527757102135,6
sample_2128,-1.6430556292808793,0.5678929420071962,3
sample_2129,-2.0931862435511865,1.00775326692667,3
sample_2130,-1.417189045316369,-2.3501404449080283,4
sample_2131,-1.669106645189816,0.8582754143048914,3
sample_2132,-0.6524237310094794,2.327909250308054,5
sample_2133,1.8576391348971737,-2.384493937132676,3
sample_2134,-2.706466847826255,-4.843581170214485,7
sample_2135,3.4837282592143786,-1.7559092287409386,1
sample_2136,-0.5453640982319454,-0.3487396344686678,8
sample_2137,3.218515221902091,-1.9986316859220936,1
sample_2138,-1.6120317890241924,-2.6170944534598526,9
sample_2139,1.676493646329522,4.80360390678429,6
sample_2140,-1.49695833187637,-0.2585017513314216,8
sample_2141,-1.4462103342471035,-3.846431866021056,9
sample_2142,-2.359413777394509,-3.636275326287693,9
sample_2143,-1.1997801323400121,-4.750891046579984,7
sample_2144,-2.0790616009245824,2.2061156578564134,5
sample_2145,-1.223485344277194,3.765467223691829,0
sample_2146,-2.843202766422007,-4.318221306005545,7
sample_2147,-2.0093367521312424,1.4163036392406532,3
sample_2148,-2.125116352586853,4.873920896373981,0
sample_2149,0.9628799497536803,5.811352052193703,6
sample_2150,-1.3976707023678994,1.4695208360375092,3
sample_2151,-1.2912568437800171,-0.9776467204025706,8
sample_2152,3.0693118771644046,-2.1264208408965963,1
sample_2153,0.9066060284964748,5.37113724237607,6
sample_2154,1.1253624826057829,5.332480977620822,6
sample_2155,3.3083447938269477,-1.9482449081296715,1
sample_2156,-1.521024809644623,0.019758927547116844,8
sample_2157,0.7455160945776116,5.307633705499543,6
sample_2158,-2.4309162103918545,-2.789073882927573,4
sample_2159,1.0064464102907842,5.777542935866416,6
sample_2160,2.8424902505377214,-2.486025005005333,1
sample_2161,-1.2523659392338051,4.307707610614051,0
sample_2162,-2.415637911725968,-4.930827570164643,7
sample_2163,3.6695711387696632,-1.3419481857017732,1
sample_2164,1.288676510012806,4.886080272227356,6
sample_2165,-2.4795604874283823,-2.0121005220926076,4
sample_2166,-0.40306870273645246,2.2666421927124474,5
sample_2167,2.047246401714573,-3.252548030323052,1
sample_2168,1.0024802388878433,5.350220144949469,6
sample_2169,-1.6575915859533044,-4.09835112628793,7
sample_2170,-0.9232661062143817,-2.9560308504470476,4
sample_2171,-2.286214702051181,1.087605848491365,8
sample_2172,1.4863162434565782,1.4684429747387326,2
sample_2173,-1.8672774833104837,2.0985572454483465,5
sample_2174,-2.381313622759592,-4.735063747446927,7
sample_2175,-0.6339012144144658,1.1690966403549075,3
sample_2176,-0.18333598374380894,0.08557653361516915,8
sample_2177,-3.5934187975899508,-2.3199248156613774,4
sample_2178,2.5262489073535095,-2.734595800040202,1
sample_2179,0.8711482477705493,5.565065898097303,6
sample_2180,-1.1076504675830694,1.0753419617479119,3
sample_2181,-0.6374628729135837,0.8789805548566473,3
sample_2182,-2.436983939808438,-2.5068962678542768,4
sample_2183,-1.9336944902471276,0.775547356242609,5
sample_2184,-1.3444568185894648,1.2192830491186273,3
sample_2185,-1.6913997505303413,1.6908112661602317,2
sample_2186,-2.198234296272016,-3.041920003651393,4
sample_2187,-1.6676480655074508,1.9992863339193847,5
sample_2188,-2.425262722558894,-4.336035026424362,7
sample_2189,3.843491771551211,-1.6942734741451115,1
sample_2190,1.4911473282331684,1.270184851030959,2
sample_2191,-3.111262270001382,-2.289814315931029,4
sample_2192,-1.7211662434448787,4.47958446046906,0
sample_2193,-0.6873543440869593,3.427824736418668,0
sample_2194,-0.9122429523521958,1.6859551817155753,5
sample_2195,-1.4900288884287907,-0.8951762422099069,8
sample_2196,-2.3007428877517824,4.83555546708338,0
sample_2197,1.1085476771831595,5.439850584172955,6
sample_2198,3.3253536690041345,-1.9418899557003717,1
sample_2199,3.270714537586685,-2.0274985548096756,1
sample_2200,-2.7450905366281075,-2.9731969165208114,9
sample_2201,-1.9581805622517081,1.3585362749323806,3
sample_2202,1.7878234471699967,0.7419166413607606,2
sample_2203,3.378780994706997,-1.0639428626863738,1
sample_2204,-1.6933357801545625,1.6364059201230898,3
sample_2205,-3.585073591216675,-1.8607335199906196,4
sample_2206,1.6563062882553006,1.2829620707104084,2
sample_2207,-2.1418906700482063,-3.526909605829239,4
sample_2208,-2.067219625169168,1.4193242391805028,3
sample_2209,2.504886707040716,-2.3412937943382017,4
sample_2210,0.6118925290886742,5.329841095938571,5
sample_2211,-1.015852126692162,0.4068115427380872,8
sample_2212,0.5326831097026861,5.147642462271384,5
sample_2213,1.5002009452968819,4.918172643706819,6
sample_2214,-3.005285515233907,-4.594810544298399,7
sample_2215,0.9279668295068519,5.3050252136255285,6
sample_2216,-1.077179156461554,-0.13896095384347082,8
sample_2217,-2.574760967230995,-3.275980616232981,9
sample_2218,-1.6936459524658112,-3.0892874544871263,4
sample_2219,-1.696673292267722,3.8072329461322187,0
sample_2220,-2.2508210015304626,-3.139119422500195,9
sample_2221,1.831678855855831,4.6331409261430405,4
sample_2222,-2.53392783807696,-3.1946552114291573,9
sample_2223,-2.3465973611398607,-3.0752568657562085,4
sample_2224,-2.6172805952020353,-4.279862688778486,7
sample_2225,-1.569580030795086,-2.8745271921524203,4
sample_2226,3.7840558919514775,-1.4857782541825393,1
sample_2227,1.65860540512383,4.826556552136641,6
sample_2228,3.227355592944405,-2.003008499249266,1
sample_2229,-2.185464918138556,1.2003571069075778,3
sample_2230,-2.5850582682160295,-4.664798588582803,7
sample_2231,-1.848830447587757,1.361861114320885,3
sample_2232,-1.4849460080072412,-0.31186487657520207,8
sample_2233,-1.1942207812055528,1.4231246156897477,3
sample_2234,-1.2930405366791735,1.4372745800620106,3
sample_2235,2.3414508683948645,0.6599241352398536,2
sample_2236,-2.4278697104112177,-2.717727060516662,4
sample_2237,-3.2294899472437555,-1.511953515641893,4
sample_2238,-1.5175949984059103,-0.12234794976142904,8
sample_2239,-0.9339528632729965,-4.8773021414143685,7
sample_2240,0.9527208556620727,5.387931940051452,6
sample_2241,-3.2213247063378274,-2.4427941317051856,4
sample_2242,-1.8291683446093179,1.3294708371140576,3
sample_2243,0.919711598495966,5.071393292602588,6
sample_2244,-1.595661206253947,0.10771054611152159,8
sample_2245,-3.204262885482424,-4.21938430100431,7
sample_2246,-1.7597360136291669,4.080338258471122,0
sample_2247,-2.7800885967841364,-4.174716242291037,7
sample_2248,-1.3277571303345514,-3.2784121244045887,9
sample_2249,-2.1653930259802863,1.9153703187866502,5
sample_2250,1.2871030940299362,4.472879786364408,6
sample_2251,-0.1884827071287191,2.1665928219928006,5
sample_2252,1.7049586061532325,1.7203716112936112,2
sample_2253,3.0209879135979434,-1.2079738786909842,3
sample_2254,-2.184901710830563,4.730984693042614,0
sample_2255,-2.533497255307521,-3.2831638945873185,4
sample_2256,3.8650107438602874,-1.473397722964984,1
sample_2257,-2.9504605725558006,-2.2010462644074074,4
sample_2258,-2.4746428011775254,4.810567788849428,0
sample_2259,-1.753707858712256,2.6402187016673433,5
sample_2260,0.8497704137608609,5.762852343886544,6
sample_2261,3.9454803108305554,-1.1359051950950825,1
sample_2262,1.812168385544189,0.9056344321630594,2
sample_2263,1.562204700056915,5.382290889048961,6
sample_2264,-1.2326063113716899,1.2003867183884487,3
sample_2265,-3.510619321514836,-1.7839862430571727,4
sample_2266,-1.1887708232401217,-0.06004405364827429,8
sample_2267,-0.6402269166188174,2.0038690917840705,5
sample_2268,-2.0973721011231987,-3.0786981217184217,9
sample_2269,-1.7171365049602891,0.21175360838483542,5
sample_2270,-1.8957076765583079,4.0966363624641575,0
sample_2271,1.9308710800354518,0.5485549275679065,2
sample_2272,-2.481848016614798,-4.930867783152321,7
sample_2273,-0.9453796729293698,2.230250817102749,5
sample_2274,1.6548393388340008,1.1521397390836292,2
sample_2275,-3.554362081777919,-2.4772407709963824,9
sample_2276,-1.1948063650751983,0.997226321991834,3
sample_2277,-2.4209255385916686,-3.2600610687221887,4
sample_2278,-1.7180459183194459,-3.4234605987575972,4
sample_2279,-1.0370468878762726,3.451247569725162,0
sample_2280,-0.5825553065208992,2.269769834108353,5
sample_2281,1.4272920654730334,1.0009819014970562,2
sample_2282,-1.950173844142128,1.1395938529132403,5
sample_2283,-1.778496687297788,2.332406529441309,5
sample_2284,1.7048829592099366,1.146353504697445,2
sample_2285,-3.7757343381573545,-2.213205419530738,9
sample_2286,-1.6217258933128467,0.0885622153462602,8
sample_2287,3.0663189758046827,-1.4394625268700272,3
sample_2288,-2.0501669801117064,1.720543259950608,5
sample_2289,2.101994138883603,1.7027368273072205,2
sample_2290,-2.4044002354828007,-2.478428125175371,4
sample_2291,-1.6212954812761728,-2.3232136822815748,4
sample_2292,1.0038332577264897,5.36891551121264,6
sample_2293,-3.8290110081234703,-1.4567010558313267,7
sample_2294,1.310099448252424,5.4299984158551355,6
sample_2295,-1.9696192946973399,-3.4256526294815526,4
sample_2296,1.117963119263903,5.400834078861532,6
sample_2297,1.5930055799882625,5.158948291582802,6
sample_2298,-2.2846934894251154,-4.3887644524085605,7
sample_2299,-2.3247422716313055,4.72455157706916,0
sample_2300,-2.6752152098356956,-2.8820259954154697,9
sample_2301,1.3051828902381333,5.416879885802946,6
sample_2302,2.6593074550419025,-2.6419041875754163,1
sample_2303,-1.6481799799551233,0.9764028338669131,8
sample_2304,-1.3752897373826731,0.3834474147934465,8
sample_2305,-2.4559809038144746,0.8282621036972414,5
sample_2306,1.5598418960632452,1.2308570456039607,2
sample_2307,3.942582388790112,-0.9840943836600061,1
sample_2308,3.827568690426696,-1.3164468894082364,1
sample_2309,-0.025649147161831497,2.311557405485913,5
sample_2310,1.5732919352163077,1.132199991359517,2
sample_2311,-2.2602035059808756,4.197333028244851,0
sample_2312,1.1477267642332958,5.546174353806152,6
sample_2313,-3.6830403296294887,-2.080211939196917,9
sample_2314,-0.7421826625626535,2.133884545894975,5
sample_2315,2.0723735968755443,1.7928753019267505,2
sample_2316,-1.2053391611091202,1.0877473541123004,3
sample_2317,3.9904023615157818,-0.9019168016219489,1
sample_2318,-2.2869894886007307,-2.569516604055568,4
sample_2319,3.966000132221091,-1.4815257664989991,1
sample_2320,-2.6678455231424243,-4.363607645481458,7
sample_2321,-0.5535148519667327,2.7674297062150464,6
sample_2322,-2.271114159717325,-2.9045293792196825,9
sample_2323,2.1532647123752646,0.5784204390740185,2
sample_2324,-2.2500831509268573,-2.904123772487081,4
sample_2325,-1.905410849194434,5.144572116436123,6
sample_2326,-2.079320843466028,4.568474663275448,0
sample_2327,3.4748152019324046,-1.4599773907493039,1
sample_2328,-1.7783653569809759,3.885455551582663,0
sample_2329,-1.6979624921667038,2.092291685932797,5
sample_2330,-1.8660841174419442,2.249901683215754,5
sample_2331,-0.615651961342709,2.04409980974935,5
sample_2332,-2.0871929922164663,-3.367777715952379,9
sample_2333,1.3058587798553143,0.547073008677341,2
sample_2334,-1.307357555748993,4.434031983261296,0
sample_2335,-2.434109544896601,-3.299341355716043,4
sample_2336,2.223295656509158,-3.740893403217603,1
sample_2337,3.588125435855924,-1.4428840679818458,1
sample_2338,2.0617792266105726,1.8898242201261097,2
sample_2339,-3.4091855782202947,-2.5830353180054355,4
sample_2340,-0.15955930137562996,0.846850918217264,3
sample_2341,-2.2922223401228408,4.468896492880973,0
sample_2342,-0.8517295697697838,-2.80867255012526,4
sample_2343,0.49599444095887585,0.37425802686663795,2
sample_2344,0.4875173427435789,2.6925928498977463,5
sample_2345,-3.079629472674638,-4.004115872382337,7
sample_2346,0.8943617940902489,4.596023745932912,6
sample_2347,1.7241009979370936,0.5720175853767068,2
sample_2348,-0.5203551137762362,-4.560023047752525,7
sample_2349,-1.4348538179026054,-4.7606045447658065,7
sample_2350,0.6525973313702345,2.020609270100536,8
sample_2351,-2.1687369610467746,1.8724085568225437,3
sample_2352,-0.8779386666919842,-3.8557811576200076,9
sample_2353,-1.5240312372483147,5.2062411317903114,0
sample_2354,-1.4438186230020693,4.821548465030516,0
sample_2355,1.5928072827905324,1.1954391573392391,2
sample_2356,1.9263589122271652,-4.095672074704008,1
sample_2357,2.8639912373166716,-2.4993815971986355,1
sample_2358,1.9047214720637309,1.8566914980600993,2
sample_2359,0.17954644419723295,-0.32330546306779645,8
sample_2360,-0.04620795267555706,0.8769844408628301,3
sample_2361,-3.385289242408985,-1.5616347617569637,4
sample_2362,-0.8852406100559517,-2.84583393525687,4
sample_2363,3.7500997095212076,-1.3693212191563862,1
sample_2364,0.5643813403531586,2.709376653219783,5
sample_2365,-3.4101139992267377,-2.7074005568732646,9
sample_2366,1.098417060275446,4.225405900202534,6
sample_2367,3.91430167722521,-1.2014317757739579,1
sample_2368,-0.4674758535953586,-4.76541401768945,7
sample_2369,-1.3381781585225652,1.751437035753411,5
sample_2370,0.7344048473444457,2.253929243845497,8
sample_2371,-1.8581323225481257,-3.1149059899905085,9
sample_2372,-0.3423655746090364,-4.029909981492424,9
sample_2373,1.6224795780521661,4.254578957261529,6
sample_2374,-1.3254303080855738,4.710083404631888,0
sample_2375,2.7741101934662895,-2.4530376797708504,1
sample_2376,1.933081318065122,-4.117813149071935,1
sample_2377,-2.50621291922463,-3.9754658928523177,7
sample_2378,2.0981335731158404,1.8801866172648833,2
sample_2379,-1.471033039921998,0.3234674770448389,8
sample_2380,0.1839951332952068,0.5956800211898159,3
sample_2381,-2.57561185176313,-5.101331904800897,7
sample_2382,-0.5140487106297082,-4.926696752691877,7
sample_2383,-0.04729148599445627,0.1934273089674034,8
sample_2384,0.5592269024201743,2.0265432743746525,8
sample_2385,-0.35055672718438974,-0.3308850281016594,8
sample_2386,-0.3678461062295317,-4.023533183900686,9
sample_2387,-3.025236827491872,-4.580600221201633,7
sample_2388,1.2424315682048486,4.592774000531551,6
sample_2389,-0.0923752713331284,0.0600717409737701,8
sample_2390,1.6512119079624146,1.014404540157236,2
sample_2391,-3.582788352998069,-2.1861050046620756,4
sample_2392,-0.9264829624255946,-4.575478885928953,7
sample_2393,-1.3781683599150796,-3.2547455410398465,4
sample_2394,2.299491500305094,-3.689183602505777,1
sample_2395,-1.4389574136786252,0.3672772749691344,8
sample_2396,-0.7104216967789607,2.2300677282011407,5
sample_2397,-2.3172045410764115,4.8238206270319335,0
sample_2398,0.9291894560773304,4.753289261155435,6
sample_2399,-2.8770749317216655,-2.958892685432148,9
sample_2400,1.931665201729261,1.4833945647168507,2
sample_2401,-1.3119053494133763,-0.029987261544198604,8
sample_2402,0.4774065544821138,2.5848267619022263,5
sample_2403,0.4867788479893442,0.6520432723079278,2
sample_2404,-1.1428926482089041,4.554634874193971,0
sample_2405,-1.3723147987612496,4.486663058559611,0
sample_2406,0.45187355999269885,2.674865374442334,5
sample_2407,0.9170615781590133,3.6457902514414195,4
sample_2408,-0.877745235164108,-2.94876940973285,4
sample_2409,-0.6250983403327539,1.72134829029603,3
sample_2410,2.0644866151054413,1.7732853110397593,2
sample_2411,1.5586130602984551,0.34031955381099227,1
sample_2412,-1.173390646901441,4.4538436806157495,0
sample_2413,-2.2485898740998223,2.045265378609055,5
sample_2414,0.13615799691552796,-0.05382541684576153,8
sample_2415,-2.233629530280061,1.69239297854443,5
sample_2416,1.9561165316126057,-4.09310930780097,1
sample_2417,-2.1325106738368187,-2.3962307367153,4
sample_2418,-0.4550750278456893,-4.843330180170877,7
sample_2419,1.5727766740299465,0.6179804989168968,2
sample_2420,1.8856237467612131,-4.179952941920099,1
sample_2421,-3.5799347396240195,-2.018920709881408,4
sample_2422,0.5537291064948713,2.1198366444340144,8
sample_2423,1.4360096870746042,4.300219797005265,6
sample_2424,1.8967812301592384,1.9293719178483264,3
sample_2425,-3.515477145874606,-1.9668279932269837,4
sample_2426,0.6665744070533149,2.6381575150988725,8
sample_2427,1.6938897107169368,-3.472426787169273,1
sample_2428,-0.41841566621657633,-4.591892758887508,7
sample_2429,-0.8690323068358821,1.549075106502273,5
sample_2430,2.2243595061362287,-3.7324295449241194,1
sample_2431,-1.8007534427340854,1.4417917438264012,3
sample_2432,-0.9853198828085363,-4.432887532657083,7
sample_2433,3.8094625227627974,-0.879772534847712,1
sample_2434,-0.8446187602134662,-4.661856039047961,7
sample_2435,-2.483869389189679,-3.4872453483199854,9
sample_2436,-0.6913244284800043,3.8462133717179445,0
sample_2437,-1.4677387669963946,3.698351487184684,0
sample_2438,2.25313518073065,-3.8308705456835503,1
sample_2439,-2.3592726402186677,-3.342049742840994,9
sample_2440,-0.6880260451795712,-3.009144401687208,4
sample_2441,-0.9092695633582911,4.167526591903786,0
sample_2442,-0.726004527431888,-3.1614985077610456,4
sample_2443,-1.0497398989977136,-0.17012882874298824,8
sample_2444,-0.7238219858429121,-3.2404113558446537,4
sample_2445,2.95450186588444,-1.7731886772624108,8
sample_2446,0.12084818589931827,2.5546306807447925,5
sample_2447,3.840494282036651,-1.3090488066417811,1
sample_2448,-0.41594988357141294,-4.625252095913654,7
sample_2449,3.1659190501157073,-2.076211732943864,1
sample_2450,-0.35056911862901313,-3.7146704240844173,4
sample_2451,0.9739811851989654,4.518754160361831,2
sample_2452,-0.8096408958761762,-3.0234640087330513,4
sample_2453,-2.81231969888457,-2.4158790537888466,4
sample_2454,-0.7848966119187074,-3.6849465337293967,9
sample_2455,1.4634601127627413,1.5333887822102426,2
sample_2456,-0.4635959581918407,-4.810981118457778,7
sample_2457,-0.4165668265038358,0.9048715680618626,3
sample_2458,2.1747835452291078,1.8543105506230526,2
sample_2459,-2.919603179930437,-2.717641532940782,4
sample_2460,1.082503368874843,4.3081345306099825,6
sample_2461,-2.1108391785111325,-2.787482836531557,9
sample_2462,0.611961467698447,2.728981555699244,5
sample_2463,2.4731876316309447,-3.253504747646265,1
sample_2464,-0.5321010209947167,1.360764267404826,3
sample_2465,1.5245927064450635,1.1612167790716186,2
sample_2466,-0.48759470520250225,-3.9226128050913402,9
sample_2467,-3.1696823905309315,-2.5424390746296788,4
sample_2468,-0.8526101183600648,-3.0199816342084587,4
sample_2469,-1.774003449672902,0.7512226634405277,3
sample_2470,-0.14084325118117783,0.7863565348738474,3
sample_2471,1.4237548123587613,5.478564217413262,6
sample_2472,-0.6026113363518305,-3.8466787692091278,9
sample_2473,1.359883981343533,0.1743189177309969,2
sample_2474,-1.406234108055646,4.682185777752891,0
sample_2475,1.327283896452203,4.60171871532457,6
sample_2476,-0.01900699673811971,-0.3563554669124849,8
sample_2477,-1.3762685865402324,0.3705182453890643,8
sample_2478,-0.5822053598577246,-4.659064678417166,7
sample_2479,-2.4006067771562547,2.0438315853593827,5
sample_2480,1.1571433095610237,4.174901897942806,6
sample_2481,1.6803402782361145,5.130167983837674,6
sample_2482,-0.5974525992473616,0.9759473400672541,3
sample_2483,-1.5199701878692482,0.5491706129457827,8
sample_2484,-1.5127020055166955,4.646667668701819,0
sample_2485,-0.6348536766409205,-2.4777206131541134,4
sample_2486,-0.8059963681927865,-2.974363014676581,4
sample_2487,1.1776777427952272,4.7648624475284045,6
sample_2488,0.8863832578961224,4.760191299475402,6
sample_2489,-2.8726929706588327,-3.5464125762126097,7
sample_2490,-0.2307106152658552,0.8587828451968372,3
sample_2491,-2.467018265360438,-2.9262594696674054,4
sample_2492,-0.35968234700726287,-4.707528530203165,7
sample_2493,-2.7434789370255026,-4.163631498401495,7
sample_2494,-1.0796746128100896,4.189464228699718,0
sample_2495,0.7189793586066119,5.900724899502787,6
sample_2496,2.0942359809500197,-3.701598552810845,1
sample_2497,0.7341283561716634,5.94228344456602,6
sample_2498,2.2874250893362715,-3.8805998086864832,1
sample_2499,0.8469696960069365,5.677790934634289,6
sample_2500,1.9400779732069218,1.7803518026692748,2
sample_2501,-2.004419609307513,4.48934765838668,0
sample_2502,-0.6611834263911407,-3.8647233398162917,9
sample_2503,-2.728420891956873,-4.183386570824227,7
sample_2504,-0.06716772009126654,0.7639649032806823,3
sample_2505,1.2013908150506698,4.561563159696974,6
sample_2506,2.0218976297104727,-3.9694431831306094,1
sample_2507,-2.1391287908534475,1.1930525199248363,3
sample_2508,0.016455888268579598,-0.04767110953843479,8
sample_2509,1.9823313346191147,0.5790398625144929,2
sample_2510,-0.6536510984259938,-3.8072172639066753,9
sample_2511,1.749469052349422,1.4779886033245624,2
sample_2512,0.21671375542022456,0.0015667949465695914,8
sample_2513,-2.156519887590621,-4.3055883324984325,7
sample_2514,2.1567949600331917,1.7136745703712817,2
sample_2515,-2.1051539067956764,-3.484646681701161,9
sample_2516,0.19048164471354925,2.4687632123894043,5
sample_2517,1.22313146913874,4.284020418334169,6
sample_2518,2.1064008578524733,1.8466398202147234,2
sample_2519,1.6453966005841978,1.1811332971535287,2
sample_2520,1.0151853128595478,4.739225444455201,6
sample_2521,-3.5795436076242257,-2.0322647364982456,4
sample_2522,-0.4850584091829973,-3.8871947787055396,9
sample_2523,-2.5560399069370416,-4.2613270448119085,7
sample_2524,0.7603230560166402,4.944297585006929,6
sample_2525,-1.7309404524521257,1.3606033598191964,3
sample_2526,-1.3122831535111519,4.66126754440815,0
sample_2527,-1.9726964284991322,4.036029531182236,0
sample_2528,-0.7870852687753256,2.289975892780451,5
sample_2529,-0.8473459590118163,4.372775809387995,0
sample_2530,-0.23269777212154355,0.8291041136533249,3
sample_2531,2.471537282077136,-2.8101061090479296,1
sample_2532,-0.16727029824127398,0.7533075031726472,3
sample_2533,-2.414097982990341,4.713788301998581,0
sample_2534,0.7513770822821745,5.089001485212159,6
sample_2535,1.4329810543083084,0.21785649879270197,2
sample_2536,-0.14497366692983552,0.7144635803519604,3
sample_2537,-1.5121922120520235,0.9555070196212037,3
sample_2538,0.4180741403230878,2.662461071318607,5
sample_2539,-1.0983972623144078,3.714195004566997,0
sample_2540,-1.1765254626603698,4.4126177033640985,0
sample_2541,-2.4435578244216907,-5.115230715326626,7
sample_2542,-0.35197755700940697,1.274079587910028,3
sample_2543,-2.4322501423652207,-3.339472244556163,4
sample_2544,-0.4594382563402491,-4.7962306329792135,7
sample_2545,-0.7748135469090651,1.9054778423426548,5
sample_2546,0.8738081511958214,4.977034910777067,6
sample_2547,-2.0214553173214567,-3.691131626169834,4
sample_2548,1.9431440584220636,-4.107877935771011,1
sample_2549,-3.535113286719768,-1.76651415786588,4
sample_2550,0.43555148526245585,2.826009108715035,5
sample_2551,1.276789708780343,0.13168147143871858,2
sample_2552,0.5682122672459493,2.6181203099957187,5
sample_2553,2.5511746669896924,-2.9373396754616663,1
sample_2554,-0.29777372705326544,-3.932854215667467,9
sample_2555,-1.999660752950083,2.135942042183162,5
sample_2556,0.6139942644059311,2.2336911275799065,8
sample_2557,1.8695092962371127,4.610329653744772,6
sample_2558,-0.8134646631683367,4.383616739937732,0
sample_2559,-2.9715404393577347,-4.664562824516086,7
sample_2560,-0.197601988838852,-3.9813470596022906,9
sample_2561,-2.012667943962942,-2.644051337363955,4
sample_2562,-1.0026290086301222,3.967321455122091,0
sample_2563,-3.164270953354051,-3.0554700191111213,9
sample_2564,2.278639048414182,-3.1808263099739267,1
sample_2565,-0.6469042415802508,1.0523493559357833,3
sample_2566,1.9172162425323775,1.4838466601334221,2
sample_2567,-1.6374620858143183,-0.25615783942270165,5
sample_2568,-1.8937105421198832,1.5787498328328686,3
sample_2569,-1.537832460256612,1.3056208318188496,3
sample_2570,-2.1472061076127176,-2.541290020116474,4
sample_2571,0.7811709846621643,5.726644836508085,6
sample_2572,-1.893373897057477,2.0512493102145415,5
sample_2573,2.951161083182713,-2.4776530674683177,1
sample_2574,1.0595749062654964,5.306677009873869,6
sample_2575,-2.7425847532349614,-3.6609640247957613,7
sample_2576,-2.1223634081117964,-5.032994202237854,7
sample_2577,-0.8120977003268604,-5.0611214010684575,7
sample_2578,-0.8148126932797564,0.556076526504272,8
sample_2579,-1.319527064861075,-3.2017636645158465,4
sample_2580,-1.7657053375128455,-3.6552705735237194,9
sample_2581,2.6266678903726732,-2.13300575870024,3
sample_2582,-1.189709166988189,4.212756502139885,0
sample_2583,-1.4843124108750665,3.2671668959419224,0
sample_2584,2.1428263924034527,-3.590152289835785,1
sample_2585,-1.3585954462032175,3.725623188967817,0
sample_2586,1.9498234044458187,1.6358251023502157,2
sample_2587,-1.9459879084588896,3.823651101402258,0
sample_2588,-1.5329390661442692,1.7567137383954716,3
sample_2589,0.1834029288644532,5.746132765826185,6
sample_2590,-1.8875962361556897,-2.6894459790918375,4
sample_2591,1.3987934519783778,4.3288762680380914,6
sample_2592,-0.8984090108832525,-4.872960251231532,7
sample_2593,-1.6174532928181617,2.0896575543088054,5
sample_2594,-0.38970504242285137,0.43214856502886584,8
sample_2595,3.8702391720502494,-1.2278349559473405,1
sample_2596,-0.8738081987098851,-4.014717900264157,9
sample_2597,-3.3618060982974245,-2.4340019686253225,4
sample_2598,-1.3040998188100414,4.527806142508885,0
sample_2599,-0.787745864123833,0.11424325640852306,8
sample_2600,2.4710913639155616,-3.3532530462843826,1
sample_2601,-1.9213955032646048,-3.6035215612285065,9
sample_2602,1.8726160077683955,1.0757692522841522,2
sample_2603,1.5986260262634637,5.121188982313575,6
sample_2604,-1.4771205579738405,1.5837074757121994,3
sample_2605,1.9905565070132356,-3.8771371862382638,1
sample_2606,-1.8950816271257225,2.0450035121449255,5
sample_2607,-2.1252441719813557,4.749407511420424,0
sample_2608,1.0243814087665515,4.826603497976952,6
sample_2609,-2.6039336663376855,-2.0190255123821195,4
sample_2610,0.3475875510177443,-4.252217719373874,7
sample_2611,-0.2845129389168418,-0.1569074163559274,8
sample_2612,-0.1316405093212971,0.7446843391981293,8
sample_2613,-3.144050046287803,-4.481687490594618,7
sample_2614,-0.7944514677413352,-3.9188677728058194,9
sample_2615,0.6334833033802296,5.7518737286999295,6
sample_2616,-1.0432460787411615,3.6109269689768553,0
sample_2617,3.958643939423427,-1.0544112510760548,1
sample_2618,-1.2121602124792517,4.112977201827973,0
sample_2619,-1.339406019259551,-4.362801699444072,7
sample_2620,2.6020247244898176,-3.158007667585734,1
sample_2621,-1.470051204902175,1.078092070110724,5
sample_2622,-1.3015645552498172,4.49871684468175,0
sample_2623,-1.9019397740328847,0.4016141062601148,5
sample_2624,2.4767704064231992,-2.7614726833019714,1
sample_2625,-1.628177893668288,3.9155309970856496,0
sample_2626,2.1124806362894812,1.374088254502263,2
sample_2627,1.5022551823306953,0.6695783857731904,2
sample_2628,-1.8454779927753298,1.967699271812893,3
sample_2629,-1.0507777724746785,0.10335886909665833,8
sample_2630,-1.4260328060663692,4.5877171286961955,0
sample_2631,3.6572350077273335,-1.4795492571784705,1
sample_2632,1.2746134320543803,4.464624123983255,6
sample_2633,-1.4837855383114518,1.8245552005364134,3
sample_2634,-1.642165106922163,-2.479966849419968,9
sample_2635,0.1872114475154722,-3.8239905250659376,7
sample_2636,0.9530647875538756,4.899318518715664,6
sample_2637,-2.5605345976357783,4.63670824283561,8
sample_2638,1.1893155928646055,4.410964825516711,6
sample_2639,1.3349161694691118,4.863039424327833,6
sample_2640,0.502376795612937,2.8406466282666463,5
sample_2641,-3.6569444690012203,-2.4085616291592706,9
sample_2642,1.936709466042526,1.3709788989461176,2
sample_2643,-2.004152744717013,4.3417523994102805,0
sample_2644,-1.8298160533038705,-3.6607754636812753,9
sample_2645,1.656282664421184,4.8870909079273215,6
sample_2646,2.4320668406198584,-2.9281070398680775,1
sample_2647,0.12471779639771924,2.3693669268216344,5
sample_2648,-1.1605129975449526,-3.158285347448493,4
sample_2649,-1.502863527577239,3.3815250182464447,2
sample_2650,-0.9674877299929333,-3.6054671142758457,9
sample_2651,-2.968156935630603,-4.69398962169237,7
sample_2652,-0.10399878624970305,2.75657486517368,5
sample_2653,-2.095611938566778,1.239833113453922,3
sample_2654,-1.1612029330596474,-4.990041930203239,7
sample_2655,3.855491181259285,-0.8695414498032223,1
sample_2656,-0.25124049100624546,2.589905342820943,5
sample_2657,1.4857715054902367,5.261544937040411,6
sample_2658,0.7058336631544686,5.570631994287417,6
sample_2659,-2.157069435157026,-4.183034787613852,7
sample_2660,-2.9296750903869024,-4.821110522218828,7
sample_2661,-2.1905910856387836,2.0934288220750874,3
sample_2662,-0.7881334847558451,1.0971792566482241,3
sample_2663,0.9511596115045294,4.479604927705412,6
sample_2664,2.0467151157354038,-3.4218709379234267,1
sample_2665,1.8439022889114833,0.8890649331113485,2
sample_2666,-2.0968553223188735,-2.4238558051246577,4
sample_2667,-1.680739012231269,-4.577635970879133,7
sample_2668,2.409427287161152,-3.3472118043141985,1
sample_2669,0.005182536674874476,-0.37366031971074615,8
sample_2670,-0.9884767751753597,1.025593730961395,3
sample_2671,1.8703878427013185,1.6525727398830803,2
sample_2672,-1.060075561311196,1.7297394900552623,3
sample_2673,-1.6494029111079291,0.71855414920178,8
sample_2674,-1.0553008705652593,-4.70140148465326,7
sample_2675,-1.147825014459336,1.7699770283003073,5
sample_2676,-0.7175677367813439,1.4299730177128231,3
sample_2677,1.6334511404095713,0.276443940771703,7
sample_2678,-1.0527425056228867,-3.667713570332211,9
sample_2679,-1.5414856898030007,0.37686958215973543,8
sample_2680,-0.273131764216156,0.2053086544572306,8
sample_2681,0.5857625089473281,5.858398039708931,6
sample_2682,-0.5062184884240878,0.6577456768766584,8
sample_2683,-2.3014967203557672,1.4852782942582652,8
sample_2684,-0.5371187368872855,0.4564850830481676,8
sample_2685,1.9593355209764323,1.2389972623152763,2
sample_2686,-0.1780389263304957,0.20234711402974623,8
sample_2687,-1.9019045496547125,-2.9120839615400356,4
sample_2688,-0.34102105082781786,0.31295200833424447,8
sample_2689,4.002544852476021,-0.9721821500957697,1
sample_2690,-1.7727840351034592,-2.8876180733321957,4
sample_2691,-1.696227600501672,-0.4461322778634703,5
sample_2692,-1.0815098765009972,-4.880729255980891,7
sample_2693,2.8172815977995267,-2.6302027296245645,1
sample_2694,1.9713388935130045,0.7857361563753594,2
sample_2695,1.636216163190269,0.9908440047907979,2
sample_2696,2.2637202237732406,-3.4230238590285356,1
sample_2697,-3.4859876538140147,-1.73452791130499,9
sample_2698,-1.686867393972221,-2.754967096383757,9
sample_2699,-1.6238970918013245,2.2441484394297535,5
sample_2700,-0.561953909278187,-0.3243224407497827,8
sample_2701,2.1052437265494857,1.575535570696787,2
sample_2702,-0.8114419440090918,-4.840520677528991,7
sample_2703,-3.677589075636144,-1.7623111911518965,9
sample_2704,-0.6911141785867495,-3.8523554271295484,9
sample_2705,-2.6084915460328184,-4.556995571710817,7
sample_2706,-0.6735938482787585,1.355955600696719,3
sample_2707,-3.1330494379895413,-3.4707250392101727,7
sample_2708,0.1104308331032215,1.3620015979307376,3
sample_2709,3.8278645630034664,-1.297208325062201,1
sample_2710,-1.1415614858058283,4.179990072710817,0
sample_2711,1.355238681236201,5.117200400463,6
sample_2712,-0.9680306565953853,-4.794972156941769,7
sample_2713,-2.846034205569345,-3.502013818797172,9
sample_2714,0.6716529196669156,2.7606003362488494,5
sample_2715,1.9076482245410118,-2.067628534018042,2
sample_2716,0.9738026176696601,3.5975217040055423,4
sample_2717,3.7162490851150842,-1.4211657623780325,1
sample_2718,2.113536650846556,-3.479042540695148,1
sample_2719,-0.8136587596212691,3.4671905363887667,0
sample_2720,2.2368511246868703,-3.3866885120700383,1
sample_2721,-2.106954806653159,-4.282502955306233,3
sample_2722,1.7506669553572958,0.9032347367212954,2
sample_2723,-3.256804392235642,-3.167751371495215,9
sample_2724,1.0223816536190158,5.0260015587777875,6
sample_2725,-2.0140490650830856,-3.0256915447543187,4
sample_2726,2.5208514626249348,-2.9733622436030744,1
sample_2727,-1.1311820251885183,0.5825387765124451,3
sample_2728,-0.9417967433431379,2.0609915987348684,5
sample_2729,-0.08164921582437537,-4.0061135006607556,9
sample_2730,-1.774690036168688,5.059415415639427,0
sample_2731,3.944533505332478,-1.1724429852217637,1
sample_2732,3.911070281754409,-1.0237460965816163,1
sample_2733,-3.275596215786909,-1.4942604972322795,4
sample_2734,1.6429107432345909,0.8240189282265667,2
sample_2735,-1.3603224002175391,1.9274502071575361,3
sample_2736,-2.309273123564192,1.2240344179038103,3
sample_2737,-2.386704075106718,4.842633916947157,0
sample_2738,-3.333771384016032,-1.6137459638057554,4
sample_2739,1.684871776009665,0.28127656926780753,2
sample_2740,-1.4884645384649025,-0.4281908227588721,5
sample_2741,-2.4897334914727125,0.9747370781288429,3
sample_2742,0.42698340940753327,5.885247671536449,6
sample_2743,-2.781750681433685,-2.871392367124308,4
sample_2744,-3.0261785830508985,-4.754641850162791,7
sample_2745,-0.9254011378841184,1.5412172384617815,5
sample_2746,-2.2723522995021717,5.014424398812768,0
sample_2747,-1.7881820483372144,4.44774536423801,0
sample_2748,3.992374921172679,-0.9686148089576236,1
sample_2749,-0.7985395557130512,4.232858484072362,2
sample_2750,1.513774506186164,1.3777879142216316,2
sample_2751,-3.0730497809812807,-4.420183365819694,7
sample_2752,-2.1867495560365118,1.9242157618214641,3
sample_2753,-2.1752211818287246,-4.404291215614788,7
sample_2754,-2.9806683121044126,-2.54843170711262,4
sample_2755,-1.2045644969697862,-4.909428867426857,7
sample_2756,-1.436120512726202,-0.5162629913052377,5
sample_2757,1.7297076802409657,4.244013764205345,6
sample_2758,1.0753445372791195,5.367987173302902,6
sample_2759,-1.100666083040016,1.8357473659355021,5
sample_2760,-2.8494237806886664,-4.929927879602865,7
sample_2761,-2.22993955573229,1.581896033359959,3
sample_2762,-0.961916532012034,1.6066620924530457,8
sample_2763,3.3865636880890015,-1.8350421392229943,1
sample_2764,-3.124665546782661,-2.2718531540778035,9
sample_2765,-3.037208723917142,-3.2670174515190515,9
sample_2766,-1.51394659975351,5.129593292097614,0
sample_2767,-2.235920656210719,-4.227868540936159,7
sample_2768,3.1998508932115426,-1.539885151710952,1
sample_2769,-0.08529934076509639,-0.1282686816712181,8
sample_2770,1.4650568852930912,0.9206628975077791,2
sample_2771,-1.7084781037270083,3.876345724969754,0
sample_2772,-2.262795580559697,1.54976647678391,3
sample_2773,-3.4616315782528235,-2.4815891525849896,4
sample_2774,-3.3099320130269563,-1.5146996498777914,4
sample_2775,-1.352807798768345,0.9939706502245328,3
sample_2776,0.34133358920931867,2.6474016677013528,5
sample_2777,4.046540158034343,-0.9563320465833994,1
sample_2778,0.7733755089631156,5.492754642963507,6
sample_2779,-2.3290887534711984,-4.661368109765448,7
sample_2780,-2.118571006817831,-2.580939770061403,9
sample_2781,-2.418128476478668,1.284863510845092,5
sample_2782,-1.6285515764880085,1.5012008655379403,8
sample_2783,-1.7690768562462382,5.0281516572884755,0
sample_2784,1.5259529972812982,1.266813884492002,2
sample_2785,2.5187526063160197,-3.064640416123221,1
sample_2786,0.8160355736896349,5.515999898789823,6
sample_2787,-1.8763215091020597,1.1267238311730454,3
sample_2788,-3.012370869524501,-2.3624499212729217,9
sample_2789,-1.8262209672803351,1.3707469202423446,3
sample_2790,1.0287675046708389,5.436380547869475,6
sample_2791,1.802244784091647,1.1567177070241788,2
sample_2792,2.7480469673834427,-2.678605719392264,1
sample_2793,2.2200679484473285,0.10437638223791618,2
sample_2794,-1.4885775091267341,-2.9586627143836126,9
sample_2795,3.093965179969613,-2.0396515916915696,1
sample_2796,-1.3522616121348119,-2.7658019432020375,9
sample_2797,-2.251933365231766,1.7275820076570672,3
sample_2798,-1.2148925080842825,-3.6877318696390393,9
sample_2799,-3.481839129115715,-1.343436408767839,9
sample_2800,-1.2153693832645178,-2.417970670843751,4
sample_2801,-2.567618799466726,-2.8522348308595515,4
sample_2802,-1.4754591703020177,-2.2439998850090577,4
sample_2803,1.2307035136631057,0.1568632293893239,2
sample_2804,-1.2892849418515606,2.5218604867413696,3
sample_2805,-3.3670968089799835,-2.092486519555453,9
sample_2806,-1.4938336514105455,0.4929965686629269,8
sample_2807,-1.8939650827860373,3.9730408242510054,0
sample_2808,2.3075527024716056,-2.6715592025101342,1
sample_2809,-3.5153373888022306,-2.5570434917603464,4
sample_2810,-1.9940936297411165,-2.3762411372208136,4
sample_2811,-0.8564927857555178,-0.5662204113093422,8
sample_2812,2.0001859820346457,-4.147775228548175,1
sample_2813,1.7088285161249928,0.5865047571771295,2
sample_2814,2.046107626464684,1.7600893752479048,2
sample_2815,-1.9921100415507593,-5.159755777746304,7
sample_2816,-2.9783332588647253,-2.074154354236228,9
sample_2817,-1.3195154833538871,1.5235980978695518,3
sample_2818,0.4563233125121489,3.8494777400222926,0
sample_2819,-1.5942130608629137,0.8310138716505687,3
sample_2820,-2.6941989445127645,-1.9099409785230348,4
sample_2821,-1.4838816509430701,1.387787706617252,3
sample_2822,-2.0713301140999762,-2.79159652064918,9
sample_2823,0.742658477192102,5.843671044062643,6
sample_2824,1.8081733798836392,-3.797907911423237,1
sample_2825,1.2842352677275228,0.5155245459010468,2
sample_2826,-2.5300020884075383,-4.303222892915181,7
sample_2827,-1.6832111233933482,3.6866648664369657,0
sample_2828,-2.1436619368579453,-2.396099636746636,4
sample_2829,0.9182399251656898,5.618023745144916,6
sample_2830,-2.785119945009619,-2.300087757154177,4
sample_2831,3.915117497414424,-1.2472680622834589,1
sample_2832,2.0852802292977337,-3.4514147704539004,1
sample_2833,-2.8226943691951147,-2.9380395337986918,4
sample_2834,-1.696828327011501,2.099257651732239,8
sample_2835,-0.6460206854716237,1.1718236493632075,3
sample_2836,-2.859840500349101,-4.889485296062946,7
sample_2837,0.6617490573406082,5.757352749189141,6
sample_2838,0.7691715728248641,5.258435189899369,6
sample_2839,2.184880152749496,0.016329473505969236,2
sample_2840,-1.8213165570702805,4.916595435336887,0
sample_2841,1.7271334923238162,0.5781618328782697,2
sample_2842,-0.38025777864321353,-0.43008572981674387,8
sample_2843,-0.3771317599304959,-0.6377198255734187,8
sample_2844,2.0942167342963653,-2.6910542854004054,1
sample_2845,-0.4513962576837186,-4.172076243407749,7
sample_2846,-2.1257806566512665,2.175701660522229,8
sample_2847,1.505499265409827,1.1731896647821962,2
sample_2848,1.7972109095375322,1.910760362027253,2
sample_2849,-1.4605233744248403,-4.985178668674505,7
sample_2850,1.0384267793390913,5.117301901435765,6
sample_2851,0.7725479922972933,5.519681654802225,6
sample_2852,1.8151064648588044,1.330976660577396,2
sample_2853,-2.255041423143954,-4.111466439932924,7
sample_2854,2.0301261796586108,-4.024656734213076,1
sample_2855,-2.0458421466974968,4.419768002392795,0
sample_2856,1.9449253609250032,1.8140264924876686,2
sample_2857,-2.2200987192348616,-3.3307850512629833,4
sample_2858,0.28243702323989245,2.5698846822073715,5
sample_2859,3.490838043215504,-1.417239222416574,1
sample_2860,-1.4009334636122766,-2.2349714809297487,4
sample_2861,-1.9689528348439498,-3.7246982560884576,9
sample_2862,-0.21446886163414772,2.2309917227565212,5
sample_2863,0.5837748851312934,5.814212415084855,6
sample_2864,0.9653397392924132,4.350495165787827,6
sample_2865,-1.971141288624487,4.322843073890636,0
sample_2866,-1.9394759373809132,-4.9260178044341725,7
sample_2867,1.1022125086730534,0.3682170602689328,2
sample_2868,-1.853204957083567,-5.13271038857553,7
sample_2869,-0.9133444564762075,2.0407531412405073,5
sample_2870,0.16721193846413795,2.4715049056998097,5
sample_2871,2.5917023448773673,-2.723663124111153,1
sample_2872,-2.0466824648213073,1.3177047628935739,3
sample_2873,3.2970585842758666,-1.8587792812586892,1
sample_2874,-1.5445787673673947,4.747164313020074,0
sample_2875,-3.4135508712952443,-2.5749907580605966,4
sample_2876,1.764213100353955,1.6253699227862288,2
sample_2877,3.395702077389101,-1.5751747785878312,1
sample_2878,1.8953490162208937,1.7116758133511518,2
sample_2879,2.6501867133945813,-2.483512716726558,1
sample_2880,2.1708424586967165,1.8751943875618078,2
sample_2881,0.09553120050571885,5.7508253009344745,6
sample_2882,-2.4775708212366747,-5.074476662818914,7
sample_2883,-2.3753642595279114,4.576627655364633,0
sample_2884,-1.7802677042633757,1.7520449195599472,3
sample_2885,1.930276494899607,4.526514684495115,6
sample_2886,-0.4742462367229762,2.1013833152243016,5
sample_2887,-1.8540199356814868,1.5819828197676868,3
sample_2888,2.015802618845565,1.8739786622466277,2
sample_2889,-0.651314720419742,-2.6681018086416253,4
sample_2890,2.499230638140244,-2.552920406750247,1
sample_2891,-1.8821635345962209,3.9380468936165336,0
sample_2892,-2.3242585933134987,-2.110203285532145,4
sample_2893,1.918642323769645,1.7122227689147298,2
sample_2894,-1.1381934484224168,-2.8683315700800978,4
sample_2895,2.9177478433877613,-2.261178623301912,1
sample_2896,-1.9804479656286431,1.3926009126348065,3
sample_2897,-2.811296124950259,-3.078475655460158,4
sample_2898,-1.8644003555357658,5.107063175474997,0
sample_2899,1.3962829860727497,4.743243771201802,6
sample_2900,-1.8036004552943348,5.042784126701584,0
sample_2901,-1.35618425779983,0.11441765388462714,5
sample_2902,0.2783833771106472,2.6022578373587217,8
sample_2903,-2.5231982430074753,-3.432830811909601,4
sample_2904,-1.4765873114564638,-4.667947997835778,7
sample_2905,-0.8139265017039168,3.3894322269945896,0
sample_2906,-1.2742472065834942,0.5506524128617981,3
sample_2907,3.3409774539122417,-1.9996158687846177,1
sample_2908,2.012356997947306,-3.3336180253102694,1
sample_2909,1.1444980443644848,0.12540858442806685,2
sample_2910,-1.5556522407117788,-4.815372411939032,7
sample_2911,1.5153576098402637,4.975794859869468,6
sample_2912,-1.9646040508066538,-2.8635691404532793,9
sample_2913,-0.6658216161068896,2.029661785576014,5
sample_2914,1.0936236904175414,4.292465095832208,6
sample_2915,-1.6532100462337056,4.036529325415082,0
sample_2916,-1.4975083498626087,1.7849621297341824,3
sample_2917,-1.5336178554817501,0.32900946626267735,5
sample_2918,-2.0069532421466394,0.2701115372116823,3
sample_2919,3.9271657266178295,-0.8295229628529538,1
sample_2920,-1.2788000450259638,4.535545977337233,0
sample_2921,3.7012181620599223,-1.6330492348711412,1
sample_2922,-1.4417057395719945,2.1962508929502613,5
sample_2923,-3.573254362082218,-2.284177475871774,4
sample_2924,1.1331273431906066,4.3669086024054815,6
sample_2925,-0.4970587273906274,-3.7525693801317686,9
sample_2926,1.0418259177831692,4.27106214981212,6
sample_2927,-1.8152879824409334,0.9164069933486744,3
sample_2928,-0.4235119999592642,0.7658573858432985,8
sample_2929,0.8384020453658715,5.3603620858032,5
sample_2930,-0.8941611048901486,-4.9712049152267355,7
sample_2931,1.5087481867525623,4.232851162728573,6
sample_2932,-1.719371948172053,1.0313721030553895,3
sample_2933,2.312839282242923,-3.042099278788447,1
sample_2934,-1.2141605580358314,1.5571411005614197,5
sample_2935,-3.67701103285348,-1.4289601779321859,9
sample_2936,-1.3073796281071008,4.491564472764174,0
sample_2937,1.3750573213568924,0.5323707703766226,2
sample_2938,2.549681221728088,-2.681700276845794,1
sample_2939,3.2946570429352646,-2.1306625497603804,1
sample_2940,1.7077133715879818,1.4509987791001215,2
sample_2941,-1.742744192736522,0.4490333509944309,8
sample_2942,-1.3409327208091795,1.2766594616237152,3
sample_2943,-2.3477547444027995,1.870220285522731,8
sample_2944,-1.03197547307379,-3.0069053386975932,4
sample_2945,-1.172977589778182,4.222216147167144,0
sample_2946,-0.07200580776146383,2.9411254983496096,5
sample_2947,-1.3339317533533734,-0.3946258068987066,5
sample_2948,1.4160953613759524,4.309596574453614,6
sample_2949,-0.7419519237239112,2.049793311487,5
sample_2950,-0.6317671780185826,-4.785792700082755,7
sample_2951,-2.6748357672503493,-4.5860558396976865,7
sample_2952,-0.8536265138091923,0.026616689227353954,8
sample_2953,-1.916988176818822,5.115720136773551,0
sample_2954,-0.8447454923123222,-3.9738169725129326,9
sample_2955,1.9433856948606199,4.4427499013473,6
sample_2956,-1.0021985921882977,3.889224443927334,0
sample_2957,-1.4249964770755754,-4.568692161012116,9
sample_2958,2.681903796317984,-2.901591140470157,1
sample_2959,-1.280842711282349,1.573556690891678,8
sample_2960,1.523648090268286,1.5329741111711153,2
sample_2961,-0.6933765513141303,0.6787151753463123,3
sample_2962,-0.8054395844494419,1.1741561579154456,3
sample_2963,-3.3123143535642874,-1.8014188614481168,4
sample_2964,-0.8263413943592299,-2.824926783710044,4
sample_2965,-1.5080290022313827,1.2211713999479512,3
sample_2966,0.1904119239736697,2.886942236451837,5
sample_2967,-1.7015218367349758,2.5600181401327293,5
sample_2968,1.1470994223072875,4.83102940174366,6
sample_2969,-1.025486707315666,1.8640989470180884,5
sample_2970,-0.680376678183886,-4.909196125630853,7
sample_2971,3.764635236749928,-1.753623343788037,1
sample_2972,-0.5277122964140785,0.260396918744953,8
sample_2973,-1.3757892372129463,0.5176332268146587,8
sample_2974,-1.1703343835890008,-3.7153865127106496,9
sample_2975,-2.1331690212346706,3.935845939166068,0
sample_2976,-1.1056653244912298,4.421969346486249,0
sample_2977,1.8884987160327185,0.5291591674269851,2
sample_2978,2.2676877806838,-3.889969897704135,1
sample_2979,0.9308971605864349,5.293228957067736,6
sample_2980,1.8589735053938083,1.237601867187991,2
sample_2981,2.617831562174692,-2.6649742155812093,7
sample_2982,-0.9142110916444613,1.1441086997775898,3
sample_2983,-2.410617951069811,-4.287419070244403,7
sample_2984,-0.9142614076766137,-2.709431918641679,4
sample_2985,-3.1245917031492003,-4.470424144094416,7
sample_2986,-0.8072530925305779,-4.93646415244636,7
sample_2987,-0.2659690267434479,-4.5831207018871805,7
sample_2988,-0.42381022036739374,0.25653746301492353,8
sample_2989,2.9024376892991914,-2.506017751672653,1
sample_2990,-1.0715648389200787,-3.8861582133324277,9
sample_2991,-2.810728032348613,-2.6701615330144177,4
sample_2992,0.27063009281630956,-0.4237565400925363,8
sample_2993,1.198238987372851,5.602163480078182,6
sample_2994,-0.7618436935558357,2.006485687041862,5
sample_2995,2.1622775217962835,-3.253832505973028,1
sample_2996,-1.4496394618904966,-4.6556492794142965,7
sample_2997,-1.7893664164664316,4.200474315090771,0
sample_2998,-0.5627786646676942,-3.852083588607204,9
sample_2999,3.9751796923127576,-1.0657829936548158,1
sample_3000,-0.1556588305094651,2.8829347877225047,5
sample_3001,-2.6903651256639884,-1.8488956367628793,9
sample_3002,-0.6554025259823626,3.6644108303118013,0
sample_3003,-1.4703772662400352,-0.49871537046604464,8
sample_3004,-0.2974483319081013,-0.32948607160693344,8
sample_3005,3.6035487253581326,-1.3139399995881635,1
sample_3006,-0.7057321481419379,1.1184309357552207,3
sample_3007,1.6088650925891108,1.5703049028151859,2
sample_3008,0.16371500295090177,2.887723403721858,5
sample_3009,-1.3163097168421896,-4.694340831764069,7
sample_3010,-0.7650222515588838,-2.989205756335969,4
sample_3011,3.4729549555122077,-1.2475635845539392,7
sample_3012,-0.24438775998916804,0.20757435258692103,8
sample_3013,-2.0554124964933975,4.8934598139944745,0
sample_3014,-1.5333476914058042,1.353036952489054,3
sample_3015,-1.6870475011913793,-1.9313851270720763,8
sample_3016,-1.078107769549099,4.510919589633049,0
sample_3017,-2.1224791500312103,4.9192918472991405,0
sample_3018,1.6344259074544627,1.3335874653403115,2
sample_3019,-3.19924026596143,-2.528089149157194,4
sample_3020,1.8671454584395222,-4.238288850491655,1
sample_3021,-2.2524832895583264,-3.2097066568225956,9
sample_3022,-1.2954878210469358,4.490092295851601,0
sample_3023,-2.864960213153138,-3.089023495474749,9
sample_3024,1.909625300617729,1.5216720511861461,2
sample_3025,-1.6708389000832387,3.941543631115907,0
sample_3026,0.039780097526345176,2.6825805531631404,5
sample_3027,-2.2581998498217137,1.4978790920219942,8
sample_3028,-0.6989344509802156,0.7043576727915735,8
sample_3029,-0.036171959747624306,0.08797199910712447,8
sample_3030,-1.0159467669267126,0.08501853564604729,8
sample_3031,0.9235131240943162,5.440508181022445,9
sample_3032,-0.6385787913236795,2.1135131859136047,5
sample_3033,-1.456922888238444,0.9113676153512954,8
sample_3034,-1.9348426323176549,1.2342274415529444,3
sample_3035,-2.0900691862448575,0.6028097023728773,3
sample_3036,-1.3825754692768792,4.675148406101495,0
sample_3037,0.8234430614165731,5.235947482665041,6
sample_3038,-1.028622278544286,-2.6004582539063126,4
sample_3039,-2.6945789129037965,-3.147794483215041,4
sample_3040,-0.7486525945054623,-2.853801969763573,4
sample_3041,-1.4844904746756662,0.1518576051463312,8
sample_3042,1.9898455398779278,-3.7899039414637845,1
sample_3043,1.7543240339995079,0.8967566522794975,2
sample_3044,0.8915156028775693,4.923779169982714,6
sample_3045,-3.1493257510231154,-3.0569404180495154,9
sample_3046,2.229237047008737,-3.300855600979113,1
sample_3047,1.6752675792305758,4.02655938505892,6
sample_3048,-1.5602105303481864,1.200969852923245,3
sample_3049,-1.0578178863911725,1.0934598052986955,3
sample_3050,-0.9814312787255559,3.9934156729481907,0
sample_3051,0.6850935287488569,5.60752391200429,6
sample_3052,-1.199963061302154,-0.34607788476465834,3
sample_3053,-3.554004137381066,-2.6531496392857687,4
sample_3054,0.8918956341108653,4.813505916466285,6
sample_3055,1.274713834448746,0.49491809063634057,2
sample_3056,-0.6659090087974677,-3.7969926088811423,9
sample_3057,-3.4400442413424153,-1.5121570533148863,4
sample_3058,-0.9335262363847181,1.1114491655849412,3
sample_3059,0.66170828894487,5.8187053356734095,6
sample_3060,-0.942688321098405,-5.03962170028083,7
sample_3061,2.047915354457208,-2.24999572543812,7
sample_3062,-0.9319703421754113,-2.6955774335771028,4
sample_3063,-2.250258954263889,1.7762352360499667,5
sample_3064,-0.5774880719462006,-4.4947235011695295,9
sample_3065,1.7502465610283617,1.6295975535131935,2
sample_3066,0.35019803018635964,-4.210015613275557,7
sample_3067,-1.6892355774004661,-0.38545721619466106,8
sample_3068,-0.9890507959092734,4.461998455235116,0
sample_3069,3.109631482705471,-2.209097381228934,1
sample_3070,-0.5223470599874626,-3.9202614724076925,9
sample_3071,-1.9386247228980473,0.14855632489818205,1
sample_3072,-0.710122565792268,-3.1189751021366945,4
sample_3073,1.9232330042133283,4.586967626184058,4
sample_3074,-0.3704671907589261,-0.20304955888027715,8
sample_3075,-2.934210773956454,-2.9745409987452374,4
sample_3076,-0.7110875508117136,1.1528346624854333,3
sample_3077,-1.5555778630262171,-2.713600781727169,9
sample_3078,1.7375163922974868,1.7297945066283085,2
sample_3079,1.627631653635654,1.6562238193835104,2
sample_3080,-0.3743239304037099,-4.641501422555387,7
sample_3081,2.769787967954603,-1.8439039086406148,1
sample_3082,-0.660451865797879,-4.891016164226818,7
sample_3083,-0.053943387939177065,0.7146805092541764,8
sample_3084,-1.2899007171918464,-3.079398151127052,9
sample_3085,-2.3491624936480964,-3.122837901124505,9
sample_3086,0.22792479476530342,2.916628079222976,5
sample_3087,-1.0708018113375297,0.8761206933832113,8
sample_3088,-0.48819742134121374,-4.813975882109579,7
sample_3089,-2.2595123884524946,-3.269516497193765,4
sample_3090,1.5216035820702827,4.230336233694474,6
sample_3091,-3.2083536590095956,-2.338109761505721,9
sample_3092,-0.5988196979361868,-3.071200139251886,4
sample_3093,-3.70318481518806,-2.270905783553207,4
sample_3094,-0.12404863240605023,0.18671658142746791,8
sample_3095,-2.5121307628101253,0.8292519731249182,8
sample_3096,-0.30405678758899224,-3.99518139759324,9
sample_3097,1.0074106311464137,5.616727120917415,6
sample_3098,0.9623755807281759,4.406941548037584,6
sample_3099,1.4860728554195188,5.3106949418823985,6
sample_3100,-0.8749497060148868,-3.6206567278671957,9
sample_3101,-2.446682886677459,-2.7945070009759716,4
sample_3102,-0.8482381992963557,-2.972600324561748,4
sample_3103,1.6327890218180225,1.253039819188228,2
sample_3104,2.0976419020615595,-3.976193353449406,1
sample_3105,-2.7784624474859156,-2.799726987253963,9
sample_3106,1.762517508662187,1.6373525131355207,2
sample_3107,-2.432098914428882,4.696706322953637,0
sample_3108,-0.8562787612315077,3.915475738789659,0
sample_3109,-1.5068712501688049,1.0169356348257295,3
sample_3110,0.934631144708963,4.44284575468851,6
sample_3111,-2.879536497027979,-2.5465959661841344,4
sample_3112,1.9995690286268322,-4.028951465692368,1
sample_3113,1.435337855517219,0.5978573969207307,2
sample_3114,2.288403572068484,-3.8322807749073267,1
sample_3115,-0.6672008964973559,0.4818361728689438,8
sample_3116,0.7338812950173578,4.993860251129655,6
sample_3117,-2.4132923760248297,-4.596682002824496,7
sample_3118,-1.1772586518903148,-2.4760403021382147,4
sample_3119,-1.6851959025148213,1.3283221889391756,5
sample_3120,-0.28636785340267873,0.5821424241004318,8
sample_3121,3.6034723280953473,-1.6126509966684837,1
sample_3122,-0.7159821312979064,-3.778509254222356,9
sample_3123,3.95296689313974,-1.1117903056156235,1
sample_3124,1.0376207852217822,4.384965463175469,6
sample_3125,-1.867640322941002,1.100519494416536,3
sample_3126,-0.8933964072614771,-2.6425159439902814,4
sample_3127,-1.791742981579897,1.5015324164476842,5
sample_3128,0.9710784739916289,4.45341369058584,6
sample_3129,-2.4714943403010983,4.550639919292521,0
sample_3130,-0.22634471180187118,2.9584877277402617,5
sample_3131,3.716286557687807,-1.6134076932130845,1
sample_3132,-1.143191961100108,4.597577770430058,0
sample_3133,3.253172361945202,-2.1205325581699666,1
sample_3134,2.0156195685626326,1.802544711191565,2
sample_3135,-1.1069348046429675,0.22728375354452024,2
sample_3136,-1.176507049028346,4.411402817420945,0
sample_3137,1.7270168001912023,4.21346629660541,6
sample_3138,-0.1309973653148067,2.1284788954101495,5
sample_3139,-3.5553163030036203,-2.0327843580187976,4
sample_3140,1.1436652328784915,4.923921616704684,6
sample_3141,-1.4643986757035454,-3.9351786543677685,7
sample_3142,-0.18021400933206244,2.8441867194290236,5
sample_3143,1.301057830245786,0.42177263209763194,2
sample_3144,-1.8913756157269175,4.663208973140825,0
sample_3145,-0.8243120871077848,0.40759147009974134,8
sample_3146,2.38382934113559,-3.051193451857335,1
sample_3147,-0.07936965145972978,-4.015662180619575,9
sample_3148,2.053086673789843,1.6236148838377926,2
sample_3149,-2.0712876846245765,1.5235472680226128,8
sample_3150,2.558115458299178,-2.963042303418289,1
sample_3151,-0.7745888850994801,0.6647118699279448,3
sample_3152,-0.8327309649827526,-5.045602876194703,7
sample_3153,-1.195861978008337,0.4915770581112139,8
sample_3154,-0.6563207737814082,-0.12240969376273378,8
sample_3155,-1.5139937194782256,-0.20382056114984803,8
sample_3156,2.3957176944751897,-3.296941855627966,1
sample_3157,1.3526079935216802,1.41843704970214,2
sample_3158,-0.6187700301908244,-2.9691023234040723,4
sample_3159,-1.3259598637120498,-0.0325796295278949,8
sample_3160,-0.8642283273087945,1.2425071555250262,3
sample_3161,-1.6318394596942372,4.055169377795656,0
sample_3162,1.6797988323505813,1.7222575910898408,2
sample_3163,-2.5042435490419956,-4.151643457684531,7
sample_3164,-0.6968255675171645,-0.26094830555819837,8
sample_3165,-3.5229136085340356,-2.2414598047056504,9
sample_3166,1.6129228608800779,1.7054828202050523,2
sample_3167,1.8309216422996692,1.0215191169998799,2
sample_3168,-0.4228728166031166,-4.781322619511677,7
sample_3169,-1.2974474304226813,-1.1029151727668451,8
sample_3170,-0.40356030112357494,-3.916352638965821,9
sample_3171,-0.7535132733854362,1.9443487444417262,5
sample_3172,-0.5919470644769016,1.6562555557613743,3
sample_3173,1.0088073871940144,5.786571583879124,6
sample_3174,-0.4698290373954109,-3.9692964840465375,9
sample_3175,-1.4732516208882893,0.918746117909848,3
sample_3176,-0.9820468104699939,3.8193370868461547,0
sample_3177,1.8038383572291818,0.5753621784537921,2
sample_3178,2.832672601507214,-2.571775949970532,1
sample_3179,-0.2735268993159916,0.9411631309130708,3
sample_3180,1.6922474290020881,1.040467935738778,2
sample_3181,-1.751955542420918,1.4282457074835417,5
sample_3182,-1.205139202270081,1.7716062152418453,3
sample_3183,-1.1148627776207916,-3.237254291876761,4
sample_3184,-1.6411262282040553,-2.9310413298403537,4
sample_3185,-0.9095487215166377,-2.712517380474791,4
sample_3186,-0.01735023483079441,2.322417676518457,5
sample_3187,-3.68074351264235,-2.0333225584294197,9
sample_3188,1.3981968355340437,4.8364153507519045,6
sample_3189,-0.7460355480081365,1.905682443468793,5
sample_3190,-0.8835984508661853,-4.6592150321287855,7
sample_3191,-3.123573627565449,-3.1381634525224906,9
sample_3192,-0.061850864577691525,-0.3561954444577489,8
sample_3193,-0.9578513526207305,0.24855137664972599,3
sample_3194,-0.8378886901034271,-3.8973651016965047,9
sample_3195,-3.378661373008123,-1.8607110861310114,4
sample_3196,-0.9135391206636747,4.079440645471509,0
sample_3197,-1.383441711922901,-0.02074212233837812,8
sample_3198,2.5145454141740267,-3.148723821737993,1
sample_3199,-1.3006369664560986,4.677075128649308,0
sample_3200,1.7973844254990021,1.3211669945212112,2
sample_3201,-1.5264791906147077,0.9989813962507686,2
sample_3202,-0.6784152152298436,1.7562710089007705,3
sample_3203,-3.305997344365361,-3.0349875339653143,9
sample_3204,-1.456802401795863,-2.6717777760883825,4
sample_3205,-1.872026442450153,3.637595591814595,5
sample_3206,0.19656771389382766,2.345255312124102,5
sample_3207,-1.9520804346784897,-4.3893531181458805,7
sample_3208,1.1923220726360646,4.563018218468102,6
sample_3209,1.1170579348535354,0.3096023815425992,2
sample_3210,-1.1703375992982008,-4.747179878091373,7
sample_3211,-1.8002587633107243,-4.1535360111621635,7
sample_3212,0.07252650074310686,-0.255106850129482,8
sample_3213,3.936839810323591,-1.6324928413039985,1
sample_3214,-0.8975909618146061,3.955849026564472,0
sample_3215,-1.155908377616416,-4.753058488168491,7
sample_3216,-0.8789822844884634,1.5292036306746932,3
sample_3217,-2.2916076356815545,2.3704584799203174,5
sample_3218,-0.8105440244328962,-3.1065967307012206,4
sample_3219,-1.1695874184606923,3.161999188364177,4
sample_3220,0.2020004280058247,2.314033359713425,5
sample_3221,-0.25567051676784314,1.9237194728161608,3
sample_3222,1.7212554498301902,4.137981750796161,6
sample_3223,-3.3367841080672083,-2.4618220681717373,4
sample_3224,-1.302792119526766,-4.728020352825742,7
sample_3225,1.6061579884392498,0.28847227909458484,2
sample_3226,-0.20626619904011073,-0.23836917978101452,8
sample_3227,3.8087568702797867,-1.6938238454599057,1
sample_3228,-0.6355099713564376,-3.9146673729659778,9
sample_3229,-2.1486528837524057,-4.960962341887832,7
sample_3230,1.881899421972663,4.517724162154276,6
sample_3231,3.9412285434123566,-1.5411729989151643,1
sample_3232,-0.8722214983909109,3.5382503723206953,0
sample_3233,-2.387790800284314,-2.853532549689894,9
sample_3234,-0.7986226015336055,1.5293948214652364,3
sample_3235,4.04215046546892,-1.0822116859625193,1
sample_3236,-1.5274264141105187,-3.1176063385752735,4
sample_3237,-1.8948497849854862,-4.531303549548303,7
sample_3238,2.7560385311905384,-2.5823631900816224,1
sample_3239,-2.834770466600295,-2.391475755227292,9
sample_3240,-1.4547190255020501,-3.1792583445111307,4
sample_3241,-2.446827905450508,-2.55240868364876,4
sample_3242,-0.8505696531012177,3.5944330376416627,0
sample_3243,1.4325253762621888,0.7049781765511818,2
sample_3244,0.08805778133546543,-0.4479592958715611,8
sample_3245,1.7154165996728414,2.0024329801643694,2
sample_3246,1.204038238664477,4.82264860675488,6
sample_3247,-3.213732791943863,-4.192333255602639,7
sample_3248,-0.6693585825218656,3.7915493559165854,0
sample_3249,-1.2357327653190777,4.282952638524833,0
sample_3250,-1.102726421836662,-4.7530089933339985,7
sample_3251,-2.6297727457474043,-5.039947001968088,7
sample_3252,0.2109973279480385,0.1311171133806651,8
sample_3253,-2.493298608596135,-3.7985726857999524,7
sample_3254,-1.2140039945940566,-4.843912508803012,7
sample_3255,-1.9446675472761255,1.4983846993696175,8
sample_3256,-0.5373923594102324,-4.632565667942893,7
sample_3257,-3.019490454661004,-2.3235007634771665,9
sample_3258,-0.7364173493672168,-3.8922409010907395,9
sample_3259,-2.0411107526932293,1.8638987204835098,3
sample_3260,-0.9838671780227366,3.887437941588627,0
sample_3261,-2.748711489213848,-3.08681780249974,4
sample_3262,-1.0353122462931343,-3.19248186644829,4
sample_3263,-1.817534561665868,3.8924956714041694,0
sample_3264,-1.650045777940993,-3.3529168342933833,9
sample_3265,-0.9291290592087912,1.5084458240609124,3
sample_3266,-1.799975427417411,-3.477450889333715,9
sample_3267,-2.419343847491496,0.9842790079799543,5
sample_3268,-0.900375542632047,-4.268017936095235,7
sample_3269,1.9330437853760774,-2.9146976273368357,6
sample_3270,-0.948503657209527,3.5931029201306104,0
sample_3271,-2.833819008483558,-4.038072076054979,7
sample_3272,0.20378632024612664,2.246364423978936,5
sample_3273,4.066390132251599,-0.8692846287558086,1
sample_3274,0.7138181395551426,-0.3403727547706028,8
sample_3275,1.811684611965563,1.0249973752837136,2
sample_3276,0.21756890817935687,2.2251446174437697,5
sample_3277,-0.8701213371287253,-4.600917454388508,7
sample_3278,-1.5198135261834225,-3.6581433547362465,9
sample_3279,-3.485080847112676,-2.426578186285722,4
sample_3280,-0.28918841965762104,-0.20823678432109674,8
sample_3281,-2.762804826428407,-3.1371096691776326,4
sample_3282,-0.370148593513193,-0.23058978756350398,8
sample_3283,-2.460602037075046,-4.3464004558460365,7
sample_3284,-1.7568327810373434,-5.0490523086979975,7
sample_3285,-3.4166003945180017,-2.530952998629056,9
sample_3286,0.14790869518536515,2.2196930226275216,5
sample_3287,-1.4282184749119309,4.293357419126153,0
sample_3288,1.846592047812519,4.473438170041551,6
sample_3289,0.9125552847101167,5.136729439792966,6
sample_3290,2.7586596350282946,-1.8388215595782924,5
sample_3291,0.8063236982752628,4.279848326070817,4
sample_3292,-0.5105443677809846,1.3857603283576505,3
sample_3293,-1.7906329209327214,-3.856338875993021,9
sample_3294,-0.2716654949526652,-0.18662402677634385,8
sample_3295,1.2531263049128971,5.1659499985525015,6
sample_3296,2.7334549426377817,-2.7018638616716433,1
sample_3297,-3.227477351051217,-2.3902392550466125,9
sample_3298,1.6939693861508254,4.051626963081624,6
sample_3299,-1.6968316492549902,-4.950100219976892,7
sample_3300,0.19501489292416926,-0.34633551387975225,8
sample_3301,2.1645080276828974,1.7850925966391953,2
sample_3302,0.1120602757399653,2.39710144025142,5
sample_3303,-3.7217152120618566,-2.371244800108114,9
sample_3304,-0.9507804578890026,-3.6465849673913615,9
sample_3305,0.6751449081061406,0.4650908772996986,2
sample_3306,1.7070502327721726,1.435310345814509,2
sample_3307,4.079608209906713,-1.0441708977991178,1
sample_3308,1.6574011480250548,1.077994284944764,2
sample_3309,2.129352786202976,-2.77317498884232,2
sample_3310,-1.0199361184688844,3.9641340994479837,0
sample_3311,-2.113408842183281,-3.559845689304507,9
sample_3312,-0.41529505826201085,-3.8814310874928264,9
sample_3313,-3.482331599121702,-2.5239904066425205,4
sample_3314,1.1734608788687366,1.0049084599404445,2
sample_3315,-2.178243175756557,0.812509897380637,3
sample_3316,-1.1078638322241028,-3.1588441492222197,4
sample_3317,-2.58729785381706,-3.3407513291249136,9
sample_3318,-1.6798899818173976,-4.608211528727546,7
sample_3319,-1.2391071842885077,0.8390389579455264,3
sample_3320,-0.7838845888225211,1.444977536994596,3
sample_3321,-1.6838040832961063,0.8746693014147575,3
sample_3322,2.818078402028874,-1.8840452847023337,1
sample_3323,-3.086187190200011,-2.5712355623098935,9
sample_3324,-0.7759175788464662,1.3063641914980062,3
sample_3325,-1.9022615413380513,-4.891624435740946,7
sample_3326,1.2580751129105066,4.782572445883343,6
sample_3327,0.5361319308074721,2.6480710613486145,5
sample_3328,1.6964488610694546,4.058565806111288,6
sample_3329,-2.294115523028765,4.929849306186967,0
sample_3330,1.8114572177702772,1.188567639314563,2
sample_3331,0.4604977700217114,5.919968674162864,6
sample_3332,1.8428677143501273,-3.535415724957763,1
sample_3333,-0.4379400241636063,0.46591035308982864,3
sample_3334,1.8706761766978104,1.3007193494244798,2
sample_3335,-3.054943773388156,-2.683973203520993,4
sample_3336,1.5610136966940509,4.2505544403968845,6
sample_3337,-2.2679404724633745,1.6607114704013033,3
sample_3338,-1.217997392028422,3.945425962969209,0
sample_3339,-1.5314354871637865,0.32026238795391004,8
sample_3340,1.8961521150658294,1.3827602328985078,2
sample_3341,-0.8839158502607175,-3.054230790699806,4
sample_3342,1.89364402495705,0.8572434478442233,2
sample_3343,1.5513922733665173,1.0791246059987272,2
sample_3344,-1.1068388059261574,-4.916856588414892,7
sample_3345,3.5595393945551934,-1.4425864276338336,1
sample_3346,2.7089546865298892,-2.6836706167031124,1
sample_3347,-3.678102544774818,-1.7742763613178478,9
sample_3348,-0.44607033330703727,1.3549821114518017,3
sample_3349,-3.2761744494682015,-3.1330247080825377,9
sample_3350,-0.5559785866273382,-4.825911953125439,7
sample_3351,2.8677703682688156,-2.5148147405416976,4
sample_3352,-0.7359952760877234,-3.163885198631147,4
sample_3353,-3.4741511700830436,-2.6118813456375998,4
sample_3354,-0.026393504337751037,-0.4056458451078548,8
sample_3355,-0.8611521576815164,0.681563791984163,8
sample_3356,-0.8154096383077403,-4.080118177570878,9
sample_3357,0.5641382535006833,2.717802216507017,5
sample_3358,1.650396696179435,1.1826050281711376,2
sample_3359,3.309367137102925,-1.0811482206610912,3
sample_3360,-0.9894643354499928,-3.9340402240150416,9
sample_3361,-2.5145481175693356,-3.1598355498363393,4
sample_3362,0.15142846952723132,2.2680285706743804,5
sample_3363,2.0335005014213876,0.5709308784159315,2
sample_3364,1.6693023899397887,3.981713349183376,6
sample_3365,1.8920531117242458,4.316956142938526,6
sample_3366,0.27988058100065333,-0.17324583124108292,8
sample_3367,1.6537828280352311,4.059004145553569,6
sample_3368,-0.7299950211260072,3.5246385557360975,0
sample_3369,-2.6706962798175176,-4.221808186438716,7
sample_3370,-0.8367306565845792,3.7273189135067266,0
sample_3371,-3.2522157380071866,-1.4640627200976664,4
sample_3372,-1.0447996083597808,-3.307692077466135,9
sample_3373,-0.885742037884782,-4.723122822117241,7
sample_3374,2.3032359801208795,-3.1651576061038313,1
sample_3375,-1.5971716430977925,0.9074178696736479,9
sample_3376,2.4796279158399317,-3.255691894718068,1
sample_3377,-2.2920906127226908,4.8322243742766,0
sample_3378,-1.5012785336994958,4.59246184258553,0
sample_3379,-1.1420806940627057,2.2375571886963055,5
sample_3380,2.1077799675118576,-3.8887571387534567,1
sample_3381,3.3883835174726937,-1.9722660801231633,1
sample_3382,1.8470906328063075,1.4237488414087645,2
sample_3383,-3.670818229998945,-1.4719705002164358,9
sample_3384,-0.08003162729107945,0.9404712911362538,3
sample_3385,-0.5396733427062288,1.9909597031918722,5
sample_3386,-0.07445192915867993,1.9731629096441194,5
sample_3387,-1.9044813356966983,1.777412325716274,3
sample_3388,1.7503564289756575,4.6675948728612315,6
sample_3389,-2.6409205753309557,-3.4022473483711613,4
sample_3390,-1.5330243477278358,-3.3246839143142393,9
sample_3391,1.2861421197452418,0.407095476846374,2
sample_3392,-2.060749061801495,4.936772526274957,0
sample_3393,-1.7294760699480132,4.567269203674187,6
sample_3394,1.904807795135596,-4.2187605806773085,1
sample_3395,3.3381087407354184,-1.6324441011234818,1
sample_3396,1.919553681638111,1.85627715249357,2
sample_3397,-1.2811898063891487,4.036757768917755,0
sample_3398,-0.4616195865864833,1.0561129580244093,3
sample_3399,-2.9527645476058204,-3.151181667449777,9
sample_3400,-0.687976510505178,-3.0693136616585646,4
sample_3401,-1.7959086750109527,1.6282786330504158,3
sample_3402,0.04941909705693318,1.9719965277496154,5
sample_3403,-2.1129085968565526,1.903979386819799,3
sample_3404,1.5510343143731637,4.186861216600189,6
sample_3405,-2.245168401131841,1.2180796344703118,3
sample_3406,-0.16181909847331136,-4.4819217974284,7
sample_3407,3.321503413467305,-1.6492356960860797,1
sample_3408,2.1020547383611037,-2.804681258077633,8
sample_3409,-1.3328996791245007,-4.110245944170021,7
sample_3410,-1.8141433257667867,4.929552329236917,0
sample_3411,-2.175019161427396,4.456959606553841,0
sample_3412,2.0317642801753286,-4.033737666389834,1
sample_3413,3.4353201996492584,-1.6627805029622882,1
sample_3414,1.5661448079732452,1.491305425855862,2
sample_3415,-3.289850430626267,-2.8199655433957,9
sample_3416,-0.9714683142341339,0.08703183891863782,3
sample_3417,-2.198347826265262,1.6777756849897152,5
sample_3418,-0.625315659531957,-3.040754093608134,4
sample_3419,3.3955003172775924,-1.8795752292015204,1
sample_3420,0.26459956971863513,2.1894673314963407,5
sample_3421,-0.7871023159736684,-0.31101226267615967,8
sample_3422,1.480453984369546,4.194329954768888,6
sample_3423,-0.8797228908194096,1.0476210752710695,3
sample_3424,-0.6481691323104106,-4.934121473557358,7
sample_3425,-1.2902680904476203,2.0788291178651943,3
sample_3426,0.14832988868957647,-0.22369469868275638,8
sample_3427,-3.1497205765219065,-4.114446686624671,7
sample_3428,2.2138969674141933,-3.5481328253331004,1
sample_3429,-1.526984136434176,-4.646194444891388,7
sample_3430,-1.7774812585815472,3.993393522730817,0
sample_3431,2.9314397311464995,-1.9933921704506696,1
sample_3432,2.483975388869967,-3.1075709690446396,1
sample_3433,-0.6241940217572398,0.26542501581543293,8
sample_3434,-1.4751936484779948,0.11277196182402455,5
sample_3435,-1.1713980677621352,3.6595663827583182,0
sample_3436,-0.9023151761503992,0.7225227310243499,3
sample_3437,-3.328186474517852,-1.5428560797214534,4
sample_3438,-0.3174898438871444,-3.4911921897111613,4
sample_3439,0.19800015617971145,-0.21492581890869134,8
sample_3440,-1.1389894604516604,-2.8011970991128043,4
sample_3441,2.8779271324002766,-2.352393097939856,1
sample_3442,-0.9323168522192636,3.5681003511962834,0
sample_3443,-3.377669562968981,-4.172532069345913,7
sample_3444,-1.8536316610863175,4.521252779591948,0
sample_3445,2.1982309088135734,0.8038150416194514,2
sample_3446,1.4413435040706573,4.12180323830721,6
sample_3447,-1.0328106137983337,-0.13762018982466367,8
sample_3448,-1.1730871606720494,-3.8199263150268314,9
sample_3449,-1.4877912477343853,-4.892876551819492,7
sample_3450,1.387670049223326,4.425969914008076,6
sample_3451,-3.3626656868985263,-2.6086156670767777,4
sample_3452,1.5920215119958863,4.292071597464912,6
sample_3453,-1.8618652697067355,1.5633598559210007,3
sample_3454,0.27730464180679504,2.111204745299772,5
sample_3455,1.5600077242684836,4.9675856570432755,6
sample_3456,-0.6245059535173224,-3.299790908097942,4
sample_3457,3.389309611268055,-1.3152885166209514,1
sample_3458,-0.506520248859007,-3.2561051931391307,4
sample_3459,-2.7951751696090894,-3.1833867644867815,4
sample_3460,-1.2877868359423865,-2.842042189529325,4
sample_3461,-1.906152528530909,1.5167840639641683,3
sample_3462,-0.8902971966598748,3.4553846842747284,0
sample_3463,2.9492506410498254,-1.1081744960991575,3
sample_3464,-0.7808231279859357,-4.893111279057122,7
sample_3465,3.9765092605542804,-1.0494077381156535,1
sample_3466,-1.2630818369421883,-3.505183862738676,9
sample_3467,-1.7265470163408538,1.3626066662023228,3
sample_3468,0.026429708624418412,2.302802799534719,5
sample_3469,2.594561790072871,-2.7507779320908887,1
sample_3470,-0.6910166182892902,-4.683304991209091,7
sample_3471,1.9541943338680936,1.682684099912542,2
sample_3472,-0.807796660988152,1.268407813943801,3
sample_3473,-1.9952752886123644,1.4504511655525256,3
sample_3474,2.296386428816483,-3.8761327961720053,1
sample_3475,1.5127524044653873,4.058042899397996,6
sample_3476,-0.7022586169079305,-3.2292374638414376,4
sample_3477,-1.1657939268143251,0.43930558203895165,8
sample_3478,-1.0520706484201503,-2.850222760002865,4
sample_3479,3.0946650158839786,-1.920697543782227,1
sample_3480,-0.7414268517443147,3.56584813086363,0
sample_3481,-1.7044015582031506,0.37770731321777534,8
sample_3482,-0.7712401477223475,-3.625700124107234,9
sample_3483,-0.9454508687045631,0.2341807208371447,8
sample_3484,-1.5348052182219585,-3.405649345905923,9
sample_3485,-2.8581316019254115,-3.2918741791594193,4
sample_3486,1.7819230937480668,4.563196466830993,6
sample_3487,1.8867596410868832,0.862787612069883,2
sample_3488,2.0365370004617014,-3.278004837022074,1
sample_3489,3.1325719317021696,-2.2695564000514006,1
sample_3490,-0.42645896808988104,0.05938108755000809,8
sample_3491,-0.6877141666072831,4.136645353836351,0
sample_3492,-0.8046253431776468,0.5683394378100466,3
sample_3493,-2.077599678825185,5.069262809124232,0
sample_3494,-0.003629229487103278,0.026022776179521506,8
sample_3495,-1.0391947377701238,-3.399013774804383,7
sample_3496,-0.3027429245384644,-0.1930914282524722,8
sample_3497,-2.6091277503060795,-2.069227109694374,4
sample_3498,-0.1939138210145358,-0.12966436392306815,8
sample_3499,-2.6883819264017745,-4.012970253371824,7
sample_3500,-0.1300254586821476,-0.1119809818643627,8
sample_3501,-0.8868796392334389,0.3542772248458669,5
sample_3502,-0.2658051727820514,-0.16158971126998345,8
sample_3503,-1.2094305678393804,-0.2494826485302357,8
sample_3504,-0.5756211849225114,-3.2014853639101495,4
sample_3505,-2.7368227532143354,-3.2431983906559347,4
sample_3506,-0.7221909405974175,-4.960085109719259,7
sample_3507,-3.7353215207450874,-1.5751158998649577,9
sample_3508,-0.5200913739431337,-4.79841201418661,7
sample_3509,-3.4170059376891113,-3.0629374557645663,9
sample_3510,1.8713906383176913,-4.15070645642763,1
sample_3511,1.9747713699416496,-3.500829809400028,9
sample_3512,-0.6281584917459291,-3.8559224314890375,9
sample_3513,-1.7663002648565662,0.9253804688987088,8
sample_3514,0.21606700061843084,-0.24876101219423838,8
sample_3515,-2.080403422658185,4.8849283590846815,0
sample_3516,-0.6105595968030971,-4.943845322671639,7
sample_3517,-1.7458739828516983,3.8830587657227196,0
sample_3518,0.31151468420603384,-0.35298431379913553,8
sample_3519,-2.6961227605704465,-4.201765061121027,7
sample_3520,-2.113121996899008,-3.612663193845493,9
sample_3521,1.7143277806982706,5.002606008669088,6
sample_3522,-0.4010240648828503,1.0388166211447116,3
sample_3523,-2.746045396661158,-3.608295877548851,7
sample_3524,-0.6458084143594225,1.2585923304849231,3
sample_3525,-1.6676358850434259,4.629058721904178,6
sample_3526,0.13086663785307195,2.3254146461783898,5
sample_3527,-1.6873985134419862,-0.10672613160269244,8
sample_3528,0.178218232498225,2.4892982437781397,5
sample_3529,-2.187733306542646,-2.8196660139695244,9
sample_3530,-1.7398802516229843,4.876351079134132,0
sample_3531,1.3291139738963453,5.507225174017791,6
sample_3532,-2.3567562863010796,-5.1021564454646935,7
sample_3533,3.3125087104171254,-1.7841867571592274,1
sample_3534,-0.8926360473280842,-3.567828805809138,9
sample_3535,-1.3100201087864338,4.593930235368152,0
sample_3536,0.5154391711420252,2.491352187142075,5
sample_3537,1.4805286554497525,1.5875545579768446,2
sample_3538,1.4403217057892954,3.93479003963505,6
sample_3539,-1.3850569269669823,-4.596432089488055,7
sample_3540,0.0881317542009269,2.5241321273518293,5
sample_3541,4.043625569979184,-0.9957898589843713,1
sample_3542,-1.892454172686604,4.946583955709949,0
sample_3543,-1.5860393510805366,1.8322953286679065,3
sample_3544,-1.1552256825784402,4.364654697792264,6
sample_3545,-3.714727009352438,-1.6275492859953362,9
sample_3546,1.9091209257669204,-4.155609553002264,1
sample_3547,3.2992593008604842,-1.962177209580316,1
sample_3548,-0.49025215392879506,-3.207952702965546,4
sample_3549,-2.5801700125272475,-2.818089184846992,4
sample_3550,2.1371776858827842,-3.94410793877848,1
sample_3551,-1.0737038646493495,1.689693619959905,3
sample_3552,2.130839826124575,-3.2756996826378004,1
sample_3553,-2.224148137078574,1.3042036027463049,3
sample_3554,2.000437126455646,0.8275828022992827,2
sample_3555,-2.1685751830126296,1.2591177005836847,8
sample_3556,0.23907765652582083,-0.04294226506121977,8
sample_3557,-2.5642649605342527,-4.238017008869405,7
sample_3558,1.7465860821054253,1.4843634086823734,2
sample_3559,-1.4753354003684218,2.2015802367836046,5
sample_3560,1.231517644902467,4.726326944453102,6
sample_3561,3.856044277033703,-1.576430503888457,1
sample_3562,2.1259234484364944,-3.9979489280396976,1
sample_3563,-2.3559631765203073,4.406758937097694,0
sample_3564,0.6785158587151265,2.754031932151839,5
sample_3565,2.2441501952738867,0.5459002765034113,2
sample_3566,-1.9375696501666835,4.8252301129166435,0
sample_3567,-3.6023877144031617,-2.171577916458674,9
sample_3568,2.4166856587799863,-2.6185182819987536,1
sample_3569,-1.4418361478468698,3.869308875792245,0
sample_3570,2.0381059223922207,1.7333926925464256,2
sample_3571,-1.3839435949169632,-3.492058726507011,8
sample_3572,-1.7870428480725147,1.6917364147835354,3
sample_3573,0.1733770412493098,5.768603222929277,6
sample_3574,-2.802769821339195,-1.9955896578736618,4
sample_3575,1.7659337857728412,0.4255088488890412,2
sample_3576,0.15248420061856124,2.6704051867027463,5
sample_3577,-1.5025438458076559,1.77152322963288,3
sample_3578,0.3810101152323485,5.776016496801989,6
sample_3579,1.6214514550460808,0.8332799293998564,2
sample_3580,-2.8085766566108687,-4.9982932007803695,7
sample_3581,-3.2051949266229465,-1.6883771255781008,5
sample_3582,-1.0411355002344302,0.8177205220663759,8
sample_3583,1.570819729617389,0.3838694176983994,2
sample_3584,-2.8391355019179345,-3.0040345790644114,9
sample_3585,-1.9017422141531548,1.0612580300887906,8
sample_3586,-2.037685163307565,4.812438699382911,0
sample_3587,1.754069134664721,4.205613961654782,6
sample_3588,3.343117423718548,-2.0075526834716966,1
sample_3589,-3.2350567150699274,-2.7634508291936775,9
sample_3590,1.9044950323432912,1.6821767933810754,2
sample_3591,-2.099765820423024,4.812224391137501,0
sample_3592,-2.022674362306985,1.5899985950857383,3
sample_3593,2.5345058851177074,-3.1372250986772516,1
sample_3594,3.2680234403404747,-2.039514386301628,1
sample_3595,-3.7272279402491653,-1.8994483722510105,9
sample_3596,-0.00210905957990426,2.3837083061720707,5
sample_3597,-2.095029764434286,1.7284851188911723,3
sample_3598,0.5213546418452581,5.798198668199999,6
sample_3599,-0.4017404824309099,-4.081746609847338,9
sample_3600,-2.7365047273175653,-5.019635143120265,7
sample_3601,-1.5814223776483372,0.27076246894364,8
sample_3602,-1.1068938873160454,0.8969518061011655,8
sample_3603,2.6006249968077353,-2.71905831564433,1
sample_3604,-1.6937882180991222,4.8952400219528265,0
sample_3605,3.3820943580151916,-1.8841722525302795,1
sample_3606,2.237194582058934,-2.990621187978024,1
sample_3607,-1.4143682385487752,1.0123690523492177,3
sample_3608,1.909131294227252,1.78332321166705,2
sample_3609,-2.9852746772637397,-2.440015320754746,4
sample_3610,-2.070739649956343,1.4293570520237127,3
sample_3611,-1.5778371067096832,3.813304518045329,0
sample_3612,-2.882580304969977,-1.9131530708488527,4
sample_3613,-1.7587463064290954,4.363581406760175,0
sample_3614,0.2843040564157102,2.623164897165915,5
sample_3615,-1.737014741689912,0.8491573773764746,3
sample_3616,0.15415642515569353,5.744026939935903,6
sample_3617,-1.6461087730031625,0.2320407202791222,8
sample_3618,-2.458490629063015,-4.855868075532689,7
sample_3619,-2.9395098221600873,-4.3357043841274665,7
sample_3620,-0.5891126107626818,0.5222125281808503,8
sample_3621,-3.169014254807958,-4.484310623501754,7
sample_3622,-0.8138950201071703,-3.908135056018489,9
sample_3623,-1.963111775556944,5.081078878203554,0
sample_3624,0.35710789110332536,5.685467199633175,6
sample_3625,-2.1566414316005953,-2.5669484315553897,4
sample_3626,-2.6852054353759645,-2.394301500302682,4
sample_3627,3.0074222182476498,-1.4336463967596216,3
sample_3628,1.9340781805068916,1.8558680678633335,2
sample_3629,3.0715295502754594,-2.0414076238916676,1
sample_3630,0.546097230259993,5.661717544611234,6
sample_3631,0.2775616982620354,-0.037541310482153846,8
sample_3632,-2.172373148808572,-2.203761943187036,4
sample_3633,-2.4883290985724664,4.802826507023588,0
sample_3634,-2.7591601827435,-5.042117011153725,7
sample_3635,2.146512887379434,-2.690962348917723,5
sample_3636,-0.4887034566865378,2.3192585785589275,5
sample_3637,-3.6735332956185354,-2.4085646412661035,9
sample_3638,-0.22841735120807088,2.4294631821491897,5
sample_3639,-1.6027168016796582,1.7905012108377418,5
sample_3640,-1.995858097246726,-2.6128249636605,4
sample_3641,-0.47965345642637697,-4.871750433567089,7
sample_3642,-2.67174448603913,-4.978129884125557,7
sample_3643,1.712298784766038,0.7444952908140238,2
sample_3644,-1.196712315439773,0.4322775244271432,8
sample_3645,1.759415932215554,-1.8144963785466437,1
sample_3646,-3.131044805947659,-2.3386886537868423,9
sample_3647,0.6291937876332293,5.530256318943059,6
sample_3648,1.9343418967422132,1.8088943236804504,2
sample_3649,-0.6888600931473329,1.899649353642337,5
sample_3650,-2.3524430164039383,-3.441137620375761,9
sample_3651,1.2948961915835218,5.540013935400143,6
sample_3652,-1.2250587366350478,1.3862733443139807,3
sample_3653,-3.0191035846106336,-2.8799504023085283,4
sample_3654,-2.8146914852094094,-1.9225203019999864,9
sample_3655,1.2330041622554295,4.742194432291655,6
sample_3656,-1.2469141428904733,1.109557872896609,3
sample_3657,-2.0598214460349067,1.0064554141459834,3
sample_3658,-1.4319370107364073,0.18796743448491213,8
sample_3659,-0.176893291100225,0.30420263874452047,8
sample_3660,2.0703339026836542,1.835380945298378,2
sample_3661,1.9055311432812467,1.6723526063487468,2
sample_3662,-1.9913430052608547,4.773661464740398,0
sample_3663,3.3336402708074453,-1.753168438563906,9
sample_3664,-2.7017002033979938,-3.340207256030581,9
sample_3665,-0.9519508357934552,-0.15104681400385322,8
sample_3666,-1.0884993162959729,0.6278812573948014,8
sample_3667,-2.3735883042157244,-2.8855501054200694,4
sample_3668,-1.644925041633619,3.7107485692216295,0
sample_3669,-0.8854512680617886,-2.6052308702952462,4
sample_3670,-0.039546948930340935,2.7477406704754457,5
sample_3671,-2.096641549314865,1.1405456706046837,3
sample_3672,0.4932101746356947,5.577901857289378,6
sample_3673,0.6250710793374183,0.36987227892918345,2
sample_3674,-1.4695944017258822,4.052215170729213,0
sample_3675,-1.6942775348199326,0.8469333823465337,3
sample_3676,2.887564097397217,-2.513328751889486,1
sample_3677,2.3913212836121343,0.6580762822100665,2
sample_3678,-2.1611376851107065,4.835830655495795,0
sample_3679,-2.504020197398301,-3.233633900362823,9
sample_3680,1.9105671610595742,1.8236319790843138,2
sample_3681,1.213081480023858,0.3520899753084731,2
sample_3682,0.1600222798772257,2.375196110287546,5
sample_3683,-3.5197416053565735,-1.8727170793644539,5
sample_3684,-1.8026386131206213,1.6041750459728588,3
sample_3685,-2.059442332584148,1.1839607088508872,3
sample_3686,-0.7256413048106035,2.273425945477725,5
sample_3687,-3.4188124527548185,-2.3804961071113087,4
sample_3688,-1.4142150100617243,1.6775696584275765,3
sample_3689,-0.6342129906515118,-0.5336228884449709,8
sample_3690,-1.6923109804176137,0.7726669017357696,8
sample_3691,-1.2360527023314014,-0.4784904971861979,8
sample_3692,-1.939144720929542,4.301161064314943,0
sample_3693,3.2628449397719845,-1.2227161629845666,7
sample_3694,-2.0289007918879074,4.956508976173304,0
sample_3695,-3.15369635496133,-1.6688513598838484,4
sample_3696,-0.7318585197108766,2.349292091548133,5
sample_3697,-2.2125881342948133,-4.02357404708563,9
sample_3698,-1.7605870297106159,-3.086278350012768,4
sample_3699,-2.4087343317573886,4.717129385778783,0
sample_3700,-1.5181277613254256,1.4993135621042528,3
sample_3701,0.6571693111564022,5.438949132320776,6
sample_3702,-3.019421608255565,-2.016383021193286,4
sample_3703,-1.6759589914515887,4.004593974248949,0
sample_3704,2.601722597317993,-2.499305255065517,1
sample_3705,-3.6489865936281656,-1.8269287233785305,9
sample_3706,-0.41270125834751914,2.2619860285610702,5
sample_3707,0.946851838915387,5.783997853763459,6
sample_3708,-0.594180527752316,1.184865208372172,3
sample_3709,-2.6434626884123156,-2.542318742370454,4
sample_3710,-1.5333738425771815,4.522287871212368,0
sample_3711,1.274832728090276,0.2514453777370477,2
sample_3712,-1.732562966788436,0.8890957866785357,8
sample_3713,1.7445778303002863,0.5676994535818425,2
sample_3714,-0.7480898301078627,1.235518345489308,3
sample_3715,3.3691366366001523,-1.970610825390723,1
sample_3716,-1.74155110071783,4.751222887820338,0
sample_3717,-3.036757736968833,-2.1682173464618564,4
sample_3718,0.4431805112866768,5.572648964325404,6
sample_3719,-2.4616008788920505,-4.479745631978642,7
sample_3720,-1.4068251817521193,4.517503704256417,2
sample_3721,-1.3852610992921228,3.4459992488279103,0
sample_3722,-2.5738875388729823,-5.064148604885423,7
sample_3723,1.6458998668834433,0.6241253136443002,2
sample_3724,2.3216804550544645,-3.835739570779361,1
sample_3725,-2.8045175255689103,-1.9603010424235285,4
sample_3726,2.471326189067149,-3.2664165816282766,1
sample_3727,1.4249963630592661,5.200770101168462,6
sample_3728,-0.5013937149970396,0.40033003042126597,8
sample_3729,-1.792205695775698,-4.2608691343522205,7
sample_3730,2.1736314398917918,-3.8705864277870656,1
sample_3731,-2.4872588678803584,0.6250985917645518,8
sample_3732,-2.5319415098741334,-5.060289562243972,7
sample_3733,-1.5661931098589985,-3.0777052139089425,4
sample_3734,2.423877322817437,-3.356497348190911,1
sample_3735,-2.292063635927002,4.747202263041655,0
sample_3736,-0.9227382712779635,1.189115139884354,3
sample_3737,1.5504954267842954,5.212118342339385,6
sample_3738,-0.5345067564706908,0.37420357593374676,8
sample_3739,-3.4350663824711685,-1.707090491697679,4
sample_3740,-2.8925811915637882,-1.8465726536930258,4
sample_3741,-2.3384608635070685,1.8669902326414378,3
sample_3742,1.601186717206415,1.459306397975936,2
sample_3743,-2.147501104260903,1.916967706031056,9
sample_3744,-1.8778873035905297,4.1589202165254315,0
sample_3745,-1.20095571633791,0.831504302477335,8
sample_3746,-2.079871459255563,-3.330876878009794,9
sample_3747,-2.516155344964156,-2.9963762623361188,9
sample_3748,-2.70443789201297,-5.084412852167629,7
sample_3749,1.177307784578528,0.2917351865903343,2
sample_3750,0.21570703666972907,5.737432875165867,6
sample_3751,-2.1834783415381205,-4.317451634644212,7
sample_3752,-2.829012563286058,-4.999381396341704,7
sample_3753,-1.0100078375386814,1.7762704471014907,5
sample_3754,-2.9296738237531867,-1.8855110402857274,4
sample_3755,-1.91313028364367,1.0318563080589818,3
sample_3756,2.753593503570071,-2.604771008135185,1
sample_3757,-1.1873537659770217,3.451749398955889,3
sample_3758,0.1404843922161749,5.698805313943741,6
sample_3759,3.8581961280773727,-1.1461505525202489,1
sample_3760,-0.958870889801203,0.5238061763288511,8
sample_3761,-3.2118823903076534,-1.996130021836791,9
sample_3762,-2.219274754576752,-2.3592797127633256,4
sample_3763,-2.4117280440782722,4.2652352148380865,8
sample_3764,2.626104508018351,-2.745650877765281,1
sample_3765,1.4287229703572706,5.436963923949708,6
sample_3766,2.1003635568716,1.8916985790536587,2
sample_3767,-1.3278668476812605,-0.06673450939189607,8
sample_3768,0.23699352694265807,5.749326315631817,6
sample_3769,-2.4732822488772133,1.8506044291919161,5
sample_3770,-2.4636212938531,-4.945903611508102,7
sample_3771,-3.1010443351074852,-3.3072050680620455,9
sample_3772,2.563381019978252,-2.8671298626595485,1
sample_3773,0.4945828547676974,5.290735328650962,6
sample_3774,-2.008326292368866,-3.1019825315736873,9
sample_3775,1.4052255853993412,5.130198249854096,6
sample_3776,-0.8246151331311432,0.6555584720381097,8
sample_3777,-2.418076813839931,4.7770222167515355,0
sample_3778,-1.9906082118297421,4.767570444942372,0
sample_3779,-1.6116895768183768,3.575403809769902,0
sample_3780,0.3474542132376646,5.721863006957973,6
sample_3781,-3.0171345896231383,-4.124226823357937,7
sample_3782,-2.4341864256575985,-2.733085205988315,9
sample_3783,-2.704823312449313,-4.067054865248677,7
sample_3784,-2.1762934069351663,-2.3863095730967085,4
sample_3785,-3.548396841543813,-1.9547356644697242,9
sample_3786,-2.495760273052921,-2.955805962767711,9
sample_3787,-2.903002367000309,-2.739445052632072,9
sample_3788,-1.9036640384963446,-3.4381672245722363,9
sample_3789,-0.7220229210079552,-4.864648841759386,7
sample_3790,0.5517071664888009,5.659374815504462,6
sample_3791,-3.1715974500033832,-3.9274944351344208,7
sample_3792,-1.5419590347149361,4.515806314836749,2
sample_3793,-1.5471875297785536,0.18375305732017805,8
sample_3794,-0.6603302355718033,1.0119654047203563,3
sample_3795,0.8814667786380517,5.598346370116062,6
sample_3796,-2.81406663862521,-5.002354656779973,7
sample_3797,-3.329246932416304,-2.80950369859338,9
sample_3798,2.177322635739325,-3.305695521413141,1
sample_3799,1.9209807396695004,-4.09290719113144,7
sample_3800,2.00353284202917,1.804930234978782,2
sample_3801,3.982358345659822,-1.0265509506632062,1
sample_3802,-1.664486156145895,-0.25117432263888245,5
sample_3803,3.981832479209502,-1.0538702885066098,1
sample_3804,-1.1456798895224096,0.5065725795641765,3
sample_3805,-2.491836198120056,-4.676317196945344,7
sample_3806,-1.2193686217623532,-4.951466087107385,7
sample_3807,-2.297111346264949,4.220572898784138,0
sample_3808,-0.28684340187938256,0.33797235921825347,8
sample_3809,1.5982303196212329,5.075505493195579,6
sample_3810,-2.262595645885853,4.620925911818088,0
sample_3811,-3.4842472293986897,-2.6631892108059936,3
sample_3812,2.325847274455188,-2.8378654183412833,1
sample_3813,-1.1049107520469224,1.6827976001878393,3
sample_3814,1.382576114152442,0.6526924578997891,2
sample_3815,-1.520356662671318,4.210033361421132,6
sample_3816,-1.9416176129211,1.7504289220622415,3
sample_3817,-1.4415341457097024,0.09158163068641179,8
sample_3818,-0.9835189532389983,-2.883465839840206,4
sample_3819,-3.746829277366864,-2.009748503697859,9
sample_3820,-1.6271199972956751,2.3809775202267516,5
sample_3821,1.6827655903032028,5.0500336071762,6
sample_3822,0.8390443560729253,5.53246763886437,6
sample_3823,4.027315310972562,-1.0863734056147458,1
sample_3824,-1.5493725790447186,-5.101824752757343,7
sample_3825,-0.22101461563014815,0.8945671303250633,3
sample_3826,-0.41631733739737886,0.0534794831614394,8
sample_3827,1.8867504713386023,0.6924653653103173,2
sample_3828,-1.46166127952854,-4.145997995683732,9
sample_3829,-3.078058914413808,-3.1080642291957368,4
sample_3830,-1.9903379627967934,4.544577335139343,0
sample_3831,1.3789247704693113,0.3139473042734126,2
sample_3832,2.35772190020566,-3.2340297198961077,1
sample_3833,-1.5447082706296535,2.234398015171993,5
sample_3834,1.6968185555089672,0.566250620454283,2
sample_3835,-2.469645543789991,-3.2969715752502595,9
sample_3836,-1.9667123411558218,1.2871626009756938,3
sample_3837,1.5834032581276467,1.6416362080213809,2
sample_3838,-0.9368581199553817,-3.0274576985788846,4
sample_3839,-2.545636679412794,-3.045813700933009,4
sample_3840,-1.1934355908626586,2.430936374670436,5
sample_3841,-1.8741557408218559,-4.1304745678550505,7
sample_3842,0.9094524035523109,5.319739813397144,6
sample_3843,-0.3379368437103061,0.5782711372393596,8
sample_3844,-0.9637806014297441,-4.965082594821315,7
sample_3845,3.0432741477106906,-1.084003143455544,3
sample_3846,-0.38686725197404,-0.06870386595538762,8
sample_3847,-2.720199710444321,-4.150972963193862,7
sample_3848,-1.7332033353125782,-3.677278853414579,9
sample_3849,1.7907596120345186,1.4266995419777482,2
sample_3850,-1.7638948138000143,3.882674810928258,0
sample_3851,3.7169234825995954,-1.4134517590954276,1
sample_3852,2.229697523884637,-3.8285267034132957,1
sample_3853,-2.322764126018967,-3.3789131954790608,9
sample_3854,1.865191811077235,1.2405335242198805,2
sample_3855,-2.088062828721162,-2.565792385137635,7
sample_3856,-1.619797862553318,1.6817970210396638,3
sample_3857,0.9272290751923844,5.758431182071321,6
sample_3858,-1.9169117284893569,-2.3916569404861714,4
sample_3859,1.5817598374063904,4.209512107164905,6
sample_3860,-0.9710570762088706,2.389517950985437,5
sample_3861,-2.2034446386198763,1.9686277491545294,5
sample_3862,1.2173962291552354,5.066485742738699,6
sample_3863,-2.4817439953257603,-2.0954612562058528,4
sample_3864,-0.3625009194290745,-4.312218819239665,7
sample_3865,0.6013580249485392,2.7278318509798547,5
sample_3866,-0.5161838710018006,-0.16661151348590206,8
sample_3867,-1.483128771166748,0.2528071062340907,8
sample_3868,-1.5878483683177282,-3.781998324416733,9
sample_3869,-2.460118373690532,-3.9476591105572716,7
sample_3870,1.473313111285979,5.142931767039898,6
sample_3871,-1.566485779223561,1.4154586678600003,5
sample_3872,1.1967331299888728,0.2055384881538436,2
sample_3873,-1.4028978653696442,0.894105057784216,8
sample_3874,1.325542978049657,5.075928085996044,6
sample_3875,-3.516764733419473,-2.748478222693257,9
sample_3876,-0.9541203134129794,2.6092195735906847,5
sample_3877,-2.248508045472288,4.146459942666135,0
sample_3878,-1.0287126275277696,-2.678657865743343,4
sample_3879,3.0058265898544634,-2.271385709504504,1
sample_3880,-0.02576624290129688,0.09346376467738933,2
sample_3881,2.033239663635416,0.7577493911739233,2
sample_3882,-1.8253428119957695,4.49418435476223,0
sample_3883,-1.3350877118286337,4.624760131400392,0
sample_3884,-0.35559215783464326,-0.09721075201091234,8
sample_3885,-1.861853019251308,3.8091156309198406,0
sample_3886,2.205414571082591,-3.598725011424303,1
sample_3887,0.9656431928061229,0.3544243301961521,2
sample_3888,-0.656583212887008,-4.891131683430316,7
sample_3889,-1.7093795904399829,4.772479161113765,0
sample_3890,2.1080155274607084,-3.2324378070534787,1
sample_3891,1.5368699313217684,0.7387374177733479,2
sample_3892,-0.3136814479308357,-0.18117200712942078,8
sample_3893,-0.6289906384286078,0.11656543327146414,8
sample_3894,-1.5535498351117336,1.4954417130681368,3
sample_3895,-3.019748656240994,-4.602078984930504,7
sample_3896,-0.1522334094714303,-4.410944517356808,7
sample_3897,-2.359090439400877,4.551442960189191,0
sample_3898,2.228583791230904,-3.8983930548650876,1
sample_3899,2.9974949111946594,-2.429361978856172,1
sample_3900,-0.9663810003525463,-4.7903883764632935,7
sample_3901,3.7094659973260886,-1.4877667314999332,1
sample_3902,2.1476370661349673,-4.0108793357918895,1
sample_3903,1.578872732751355,0.3545228549018076,2
sample_3904,-1.0820264353448605,-2.7219777343964013,4
sample_3905,-3.789959849811663,-1.811518569602102,9
sample_3906,-1.0126350419337773,-2.7111705029964956,4
sample_3907,-2.321023201618263,4.966018098230126,0
sample_3908,-0.8603459283413182,2.7039034061913356,5
sample_3909,0.683389078232229,5.880731483422933,6
sample_3910,-0.7111362175795911,-4.738518593082758,7
sample_3911,1.825697492366846,4.267027413443782,6
sample_3912,-0.9266064070767206,-3.0348609797036974,4
sample_3913,-1.6201024361279837,-3.8131936947157365,9
sample_3914,-1.2504445623276899,-3.798830941842137,9
sample_3915,-2.6272107175874644,-3.856489664922403,7
sample_3916,-0.5319969689731691,-4.828671887843039,7
sample_3917,-0.34913741126498055,-4.711673867902226,7
sample_3918,1.046653756161467,0.7075059007468254,2
sample_3919,-2.2016248767417084,1.1480144940740928,8
sample_3920,1.445269741528713,4.97704792957459,6
sample_3921,-1.8077315429128291,1.1825529282295366,3
sample_3922,-0.8345662279541818,2.3841896914697815,5
sample_3923,-1.7731787628266573,2.1994178038124486,5
sample_3924,-1.3320357192553252,1.7645198910655384,3
sample_3925,1.5751033064707964,0.9138385993655374,2
sample_3926,-1.4680931011109204,-3.878737547097897,9
sample_3927,3.328444524494528,-2.0039676085727423,1
sample_3928,-1.9995859312329565,-3.588568797095182,9
sample_3929,-1.419704137935958,-0.08983274696559217,8
sample_3930,-2.3103214384755666,4.860896522811327,0
sample_3931,1.6087376953529522,1.6318868821586612,2
sample_3932,-1.0836132189242615,-0.4550569802245362,8
sample_3933,1.1991614327511952,5.028152195004653,6
sample_3934,-0.4157834041211482,-4.429237478369294,7
sample_3935,1.6317059112591854,0.5668284752023582,2
sample_3936,-1.4619246554296854,-3.70627319299504,9
sample_3937,0.33599605183517717,5.884895229091143,6
sample_3938,-1.6061224886040009,3.980991627286384,0
sample_3939,-2.164996247585695,2.2069806326730674,3
sample_3940,0.7634225365316807,5.640102122716567,6
sample_3941,-2.3579768430918344,-4.356770138635748,7
sample_3942,-0.6765279763434924,2.399618938224647,3
sample_3943,-2.233462604832214,-4.037706162585852,7
sample_3944,-2.0293484517747937,4.88614890845072,0
sample_3945,0.605173956658921,2.640316782848118,5
sample_3946,-0.6669150581723701,-3.0296176178235497,4
sample_3947,-2.3387912682365277,-3.074402109150513,4
sample_3948,0.8119011484460015,5.3870144097953805,6
sample_3949,0.3895681359453404,-3.9061998980409296,7
sample_3950,-0.44392837173896516,1.3823426642616823,3
sample_3951,0.6448304470134604,5.479220538087964,6
sample_3952,-0.643446764436253,-4.974371647150434,7
sample_3953,1.67897695527631,4.0091217243416475,6
sample_3954,-1.754757486320713,3.8431794854076253,0
sample_3955,3.931318943886582,-1.4707585828145646,1
sample_3956,2.323818032551544,-3.0495840072324847,1
sample_3957,2.2060898907445434,-3.4273258623668905,1
sample_3958,-1.3341867251851212,-2.7371939783716446,4
sample_3959,-1.6500112473715929,0.31193181826468913,8
sample_3960,-0.6608453905647926,0.16875601094703815,8
sample_3961,-0.31558792712060535,3.352303635309205,6
sample_3962,-0.5279608397452077,-0.29543181718189576,8
sample_3963,3.54597346890596,-1.4364763270192846,1
sample_3964,2.685996115126773,-2.7417430366682303,1
sample_3965,-1.420261821871119,3.9252146627714826,0
sample_3966,1.1017940832337256,0.7757546166506,2
sample_3967,3.049117762346308,-2.2768906233279695,1
sample_3968,-1.2036207372210748,-3.5789445143332337,9
sample_3969,-1.153739121874066,-0.2774869863542921,8
sample_3970,-1.4935660430908109,1.9172623827870856,3
sample_3971,-1.161293207382614,-3.608065148299208,9
sample_3972,2.5160016515418557,-3.1881565644157117,1
sample_3973,-1.3049841173365186,1.807822803897128,5
sample_3974,-0.9617329118367896,-2.9261736371938496,4
sample_3975,0.007840494445854405,2.2896066272091122,5
sample_3976,0.187172097443194,0.16114793383923584,2
sample_3977,-1.0079498980059884,-0.16804742501160616,8
sample_3978,-1.363155578132947,-3.7756929915335804,9
sample_3979,-3.1039644596983575,-2.52693950655977,4
sample_3980,-0.5304668184626778,-0.13646145153199415,8
sample_3981,2.0795150296512435,1.4811655702941025,2
sample_3982,0.9648287872318775,0.418859835378103,2
sample_3983,-2.2602987770248197,-3.512843600830105,9
sample_3984,-0.9148865365619242,-0.292094769771623,8
sample_3985,1.2333966657120958,4.158758823148675,4
sample_3986,1.054575576404854,5.382851211343875,6
sample_3987,-1.74329981072949,0.41424248015709936,8
sample_3988,-0.4607579084204941,-3.875142703953726,9
sample_3989,-1.1183830578823448,1.6191677373926854,5
sample_3990,0.4381450393413766,-0.07789355076986616,2
sample_3991,-3.644509995799239,-2.1658751134763525,4
sample_3992,-0.9926780246927044,-3.5902263758363855,9
sample_3993,-3.1330577208824204,-4.652423423966146,7
sample_3994,0.8855343221172212,5.3937354936399835,6
sample_3995,1.5965475976580197,5.183886649030178,6
sample_3996,-1.2712172656870604,1.5142765135769984,3
sample_3997,3.5322144123520323,-1.636177917358777,1
sample_3998,-1.672707858970643,1.5522135554449454,3
sample_3999,-3.204044899515278,-2.140108984550057,9
sample_4000,0.8648161753698755,5.593960544170084,6
sample_4001,-0.5002109375904561,-4.639442386108939,7
sample_4002,-1.7927520030769075,1.6848444580531616,3
sample_4003,-1.6894501870762821,4.258418419702453,0
sample_4004,2.7447104885146,-2.971406813898392,1
sample_4005,-2.2107436456591203,1.8546314452993902,5
sample_4006,0.4576007992529386,0.9040897172747432,2
sample_4007,-1.0471143421857725,-0.556423636298591,8
sample_4008,-1.4847758927758037,2.2354255391946642,5
sample_4009,-1.8198363689607875,3.893862292003464,0
sample_4010,-1.6632077551287507,4.019705862965646,0
sample_4011,3.6486068826705877,-1.8601557929411723,1
sample_4012,-1.8107856407259875,1.6280397538562341,3
sample_4013,3.8896715584691517,-1.1020695818071355,1
sample_4014,2.361472355535804,-3.5132438188423,1
sample_4015,3.5951923603395195,-1.2215114494809358,1
sample_4016,-1.16290866420844,2.436490815073561,5
sample_4017,1.2758198560056468,0.41627956757613865,2
sample_4018,-1.4455792090313608,2.7039928391654535,5
sample_4019,1.4510673834826187,4.878907769207901,6
sample_4020,-1.3077451578561456,-3.766132987959072,9
sample_4021,-3.11120394125286,-4.383693866839175,7
sample_4022,-0.385961533269326,0.08758385019936782,8
sample_4023,-1.4850271981549596,1.4345471016599411,3
sample_4024,-2.1148225790299082,4.592200383977998,0
sample_4025,-1.2068310514007425,-4.549260816774744,7
sample_4026,-1.3323584404109456,-3.6430895951985067,9
sample_4027,-3.133852177692568,-2.6259586941165005,9
sample_4028,-0.8768344480064509,3.779133768930404,0
sample_4029,0.990723057970937,0.31019644466762586,2
sample_4030,1.9308601605286586,-3.8342385547169986,1
sample_4031,0.4010950298745877,5.8924120421043344,6
sample_4032,2.039969241469384,1.0604824591646786,2
sample_4033,-2.507446639730529,-2.169662443592085,9
sample_4034,-0.965090559206788,1.9050999419678265,3
sample_4035,-0.9193366127516157,-4.954059566019378,7
sample_4036,-1.3335014086925847,-2.3833498797392805,4
sample_4037,-0.8255828691673794,-0.27090134683379985,8
sample_4038,-0.26047226280141106,2.3500911046957773,5
sample_4039,-3.168217535219056,-1.7079198830807116,4
sample_4040,1.350887374242161,4.803497964436223,6
sample_4041,-0.6852298963346708,0.7558675091362953,8
sample_4042,-2.6883970392818672,-5.011987248754339,7
sample_4043,-0.2889448387697959,-4.604375253854283,7
sample_4044,-0.23571060156624163,0.01671529233304491,8
sample_4045,-1.7179355396960405,4.082718522789362,0
sample_4046,-1.5911960464814339,-3.648224895751766,9
sample_4047,-3.9667749211580676,-2.060474519132564,7
sample_4048,-0.9635573941499633,3.714127945204237,0
sample_4049,-1.3835889799848253,1.9361016462035359,5
sample_4050,2.1156538778293714,-4.139859506746962,1
sample_4051,-3.681166250203827,-2.0560558940619473,9
sample_4052,1.934515296990884,1.7311385445577394,2
sample_4053,-2.2045864061250735,0.7056056972490474,8
sample_4054,-1.1011904710556448,1.7422517607319699,3
sample_4055,1.062764606648668,5.7601384093829875,6
sample_4056,-1.1769778083360243,-2.4541328790713997,4
sample_4057,-2.8757180364270414,-2.2282776355076193,9
sample_4058,0.2132565497673774,2.5127900730261183,5
sample_4059,-1.864806335058224,-0.3727318696541043,8
sample_4060,1.4217536299586921,4.364142008504048,6
sample_4061,-2.9376114711861194,-2.7304662206343533,9
sample_4062,-2.870946127714004,-4.966949753509076,7
sample_4063,-2.6621374563782694,1.0395819773397348,5
sample_4064,-0.21097533886594413,-0.4152159370816924,8
sample_4065,3.5184459597634277,-1.678120252596188,1
sample_4066,-1.3289125892539604,-3.3444610154730405,9
sample_4067,-1.3332052243210837,1.338917489596802,1
sample_4068,-1.3712957524511518,4.168332160234881,0
sample_4069,-0.7551029561797059,1.0514487559010992,3
sample_4070,2.0042823748009937,-3.936224820548979,1
sample_4071,3.3219384074400993,-1.9698123869669748,1
sample_4072,2.1018642186799967,1.8988131900010046,2
sample_4073,1.627997669192309,4.999783454162316,6
sample_4074,-0.4518970780090997,1.7935013663566166,3
sample_4075,-2.6955115643471816,-4.316513139927103,7
sample_4076,-1.2120424256886273,-2.4597436520799683,4
sample_4077,-1.9820293774092395,1.8361414338324895,5
sample_4078,0.6156513816524112,2.740915861322573,5
sample_4079,1.2478083034910443,5.484880418722552,6
sample_4080,1.1906413966233038,4.6464111807644475,6
sample_4081,1.6722071804333027,0.1182502348897734,2
sample_4082,-2.4571489982365837,-5.078221902742573,7
sample_4083,-2.2973152936288,4.596417440672958,0
sample_4084,0.22237543349355254,-0.26929624514463163,8
sample_4085,-1.3590949127867065,0.025581161168179267,8
sample_4086,-0.4193639102228033,-4.325897193331812,9
sample_4087,1.5057024246273072,0.7698857179848291,2
sample_4088,1.408136660973579,4.92341186577899,6
sample_4089,-1.9959120920945885,-2.4777670978581416,4
sample_4090,2.3128013929351114,-3.3680848190247805,1
sample_4091,1.7995578536497443,4.325728180937871,6
sample_4092,-1.4297929712241293,-3.3852609483657568,9
sample_4093,-2.13169179774192,-3.602144380572061,9
sample_4094,-2.179663469953549,-2.718970977018413,9
sample_4095,-0.5614140964453523,1.2007106667422769,3
sample_4096,-1.9768891252456688,-3.244832375075449,9
sample_4097,1.614322906571967,0.6841882944185945,2
sample_4098,-1.39007359802212,-2.3244712174732025,4
sample_4099,-3.6868196089487575,-1.8446607531064307,9
sample_4100,-0.9533722655383755,-2.6637122251889496,4
sample_4101,-0.7592829996795404,-0.27143443085251945,8
sample_4102,-1.18028486522129,1.7528002661318582,3
sample_4103,-2.7443396707014243,-2.0778637909968594,4
sample_4104,0.02073460263619846,0.7464666726586728,8
sample_4105,-1.3512676636160905,-0.37553641504060015,5
sample_4106,1.96261902692797,-3.9543722345589503,1
sample_4107,-2.2669967882711988,4.092533453667746,0
sample_4108,-1.4821076657223793,-2.4209957217466154,4
sample_4109,-1.6438328522094898,3.9147562732844867,0
sample_4110,1.8785688819733743,-3.9631435969584965,1
sample_4111,1.8081648891361128,4.747654657877763,6
sample_4112,1.7552033451672318,2.2837874629523047,2
sample_4113,1.355429567325133,4.441630845663156,6
sample_4114,-1.9391489236438715,-1.1694694295298909,5
sample_4115,-3.3482665783962875,-1.530601176231747,4
sample_4116,-0.779956617314472,4.2112616151151485,0
sample_4117,-0.9123806341822103,-4.756414641884598,7
sample_4118,-0.723161644751873,-3.804134490056513,9
sample_4119,-3.0099408093761912,-3.111055966098156,9
sample_4120,-0.26778743990984627,2.3832683800762755,5
sample_4121,2.857605964999718,-2.571257227528679,1
sample_4122,-1.2880464030564125,1.35226142700738,3
sample_4123,-1.2994548585298404,-4.277596439516769,9
sample_4124,-1.6548486306169765,3.7961594918742763,0
sample_4125,-3.6528012159876173,-2.3334928527610557,9
sample_4126,-1.505161152395726,-2.28166600348214,4
sample_4127,-1.630431469267977,1.3770203606840636,5
sample_4128,-1.8514835169999049,-3.0083486017620302,9
sample_4129,3.787407835610638,-0.9978784309753287,1
sample_4130,1.842707796193452,-3.622689165405377,1
sample_4131,-1.6843470620503627,-4.945296889008078,7
sample_4132,-1.1813250812972538,-4.786679274287195,7
sample_4133,-3.343031828450763,-2.021714803732774,4
sample_4134,-1.5635191420138244,-2.2454135414029195,4
sample_4135,-2.229216674935513,2.084450748651481,5
sample_4136,-1.422127763720259,-2.368760202313336,4
sample_4137,-1.502583184249706,1.092262186285377,3
sample_4138,1.9927646555143943,-3.4852184832824915,1
sample_4139,-2.0468068359935123,0.5981844899817038,3
sample_4140,0.2062282131336648,-0.16302596946628412,8
sample_4141,3.2057479131606197,-1.8053790802208842,1
sample_4142,-1.2758241025628252,-4.991923075258684,7
sample_4143,1.6105121884848648,4.657845924289482,0
sample_4144,1.9143093960026976,4.227347379553955,6
sample_4145,1.5284074509774608,0.2853316296828455,2
sample_4146,-0.7450614530425004,3.636802463272167,0
sample_4147,-2.493823920120243,-2.9495160278736265,4
sample_4148,0.056367302528470095,0.04918987020841007,8
sample_4149,-1.2369151192461065,-0.8252561989130817,8
sample_4150,1.9880229746477356,-3.563382192201683,1
sample_4151,1.1696048154311578,5.161779401915513,6
sample_4152,0.12670440304023267,0.10992542584780118,8
sample_4153,2.494827874650864,-3.00075402684586,1
sample_4154,1.6137125217907524,2.497824860627802,2
sample_4155,-1.6012422245569837,0.7940548031364804,3
sample_4156,1.2895569269832272,5.032907938763505,6
sample_4157,-2.3575650608707974,1.6130457470552906,3
sample_4158,1.9896469429213384,1.5998034454925254,2
sample_4159,-3.405712156390411,-2.7142327288046753,9
sample_4160,-1.4467246142753916,4.169652938063966,0
sample_4161,3.44205668803607,-1.3855209448580468,1
sample_4162,-1.4614408058140742,-3.7057592145808194,9
sample_4163,3.680648606521594,-1.6739329465636277,1
sample_4164,1.9163218899655838,-4.0602995171526315,1
sample_4165,-2.3747863750799523,-3.3652829548497634,7
sample_4166,1.7159695010836662,2.3051986304922494,2
sample_4167,3.0070416740605954,-2.304874288370054,1
sample_4168,0.1860844207800031,2.7426136358558426,5
sample_4169,-1.5393501217523542,1.5883826819690712,5
sample_4170,-0.8597267590741824,-2.938593068790007,4
sample_4171,0.0987489363038395,5.766487786021915,6
sample_4172,-0.345369252257951,2.2240638918819866,5
sample_4173,-2.5280910425059067,-2.3761532632860893,4
sample_4174,-2.6463872951761642,-5.12383884406343,7
sample_4175,-3.4296701282097604,-1.726931931026582,4
sample_4176,-2.1965947107876445,-4.967926842717752,7
sample_4177,-1.0346862178281413,0.666380879636315,8
sample_4178,-0.2444362609183474,2.3384830081566297,5
sample_4179,-1.0078920682300478,-3.1993380982278823,4
sample_4180,-0.8983684238340975,1.783384283766657,3
sample_4181,-2.7270851050759157,-3.1085018174432557,4
sample_4182,-1.0902964965244146,4.234426634511051,0
sample_4183,2.5320182720594486,-1.861310664537402,2
sample_4184,2.240857020547304,0.9747006333849623,2
sample_4185,-2.1461720388266494,0.3482500716273041,5
sample_4186,-0.24616267953644547,-2.7262236081484117,2
sample_4187,3.245482230707219,-2.1526549577282843,1
sample_4188,2.0240788479175937,1.4435240663433346,2
sample_4189,0.4170807779197953,5.926699184491501,6
sample_4190,-2.120392450788824,-4.652631448155627,7
sample_4191,2.336407004648294,-3.28408101048954,1
sample_4192,-0.7687008460732684,1.258598121451389,3
sample_4193,0.25546356387566227,2.197305938699016,5
sample_4194,1.9942407534295965,-3.3579137400043013,1
sample_4195,-0.11444318165762556,2.3408440991086734,5
sample_4196,-1.2069313704283116,-2.6156159767850493,4
sample_4197,-2.043265282733677,1.3141096170091848,3
sample_4198,-1.2114678903536547,-2.543314973359868,4
sample_4199,1.5500300913906826,4.753007724070778,6
sample_4200,-0.6767091242680435,1.4212021090323976,3
sample_4201,-2.5004913970212312,-4.136996308887565,7
sample_4202,-1.2815913624254964,3.461210933741459,0
sample_4203,3.8880813894139283,-1.6101340173053795,1
sample_4204,-1.7999303866384624,4.82074366637438,0
sample_4205,1.6498721958575122,0.18524138411509092,2
sample_4206,1.3545074856247477,-3.9325953929443362,4
sample_4207,-3.301384770436414,-2.900409350017826,9
sample_4208,-1.3499056779608154,-4.76400615038967,7
sample_4209,1.641854620999477,0.4280164028099565,2
sample_4210,-1.7697593445380135,-3.9568550260977764,9
sample_4211,0.9543183216895491,5.595040431622538,6
sample_4212,-2.3266436032868922,-4.9315967489853945,7
sample_4213,1.926860011236895,0.18688455844149404,2
sample_4214,0.3299319121228301,-0.08298724770746325,8
sample_4215,0.4485822329238432,5.882638213511795,6
sample_4216,0.10802433192270831,-0.3383374271872528,8
sample_4217,-2.3450565991218255,4.731352042879206,0
sample_4218,-2.0833310406368852,-4.863577389193997,7
sample_4219,-2.3598453497478755,4.740209595763258,0
sample_4220,-1.992604580437329,-2.9263268410181524,9
sample_4221,-1.2577014885197066,4.052108627458505,0
sample_4222,1.5205074697680312,4.438876875794251,6
sample_4223,-3.093422641622157,-3.0954805362142617,9
sample_4224,-0.41697020190433476,1.1051899703387404,3
sample_4225,-1.3469552571465102,-3.395702968460185,4
sample_4226,1.98930695147743,-3.9534266906604945,1
sample_4227,-3.8218975805979394,-2.113062989498707,7
sample_4228,-2.67218405813514,-4.981744156070983,7
sample_4229,-3.583382952118923,-1.999330386119661,4
sample_4230,-1.4647993380099975,-3.1358935468980578,9
sample_4231,1.243289438050691,0.5231106385542694,2
sample_4232,1.3119321194083062,4.679175479848391,6
sample_4233,0.3460186053863583,5.861782150208314,6
sample_4234,-1.3477175983491247,1.3660611647017487,3
sample_4235,-1.5910197346291568,1.8524976679372904,3
sample_4236,-1.0029572350869818,1.3733659579011117,3
sample_4237,-1.7851808727617768,1.3143929225464162,3
sample_4238,2.1260458312573633,-3.7744331093948134,1
sample_4239,-2.0564841684987307,1.4236145481734859,3
sample_4240,-1.0343789053065242,3.3482417564835427,0
sample_4241,-3.4296897552058083,-2.507518941477773,4
sample_4242,2.097330825588776,1.4699981087617453,2
sample_4243,-2.782041383327246,-4.303939428907475,7
sample_4244,0.5025399889965138,5.295588852086878,6
sample_4245,-3.496948003730566,-2.614456909436534,9
sample_4246,-2.1567175370895524,4.871001132650863,0
sample_4247,-2.1534311958020864,1.2432350428405332,3
sample_4248,-0.05361415761811718,2.378448507950879,5
sample_4249,3.832866622204217,-1.0425479974660266,1
sample_4250,1.502380037707008,5.0089059238552105,6
sample_4251,-2.0060881081475657,1.246203976248837,3
sample_4252,1.5515780968209925,4.795406425010371,6
sample_4253,-3.6087933785268045,-2.481558020641019,4
sample_4254,-0.38952803603198033,-0.2877173028617694,8
sample_4255,-2.321837896925583,-5.112470307818585,7
sample_4256,-1.6822704809687097,-4.99861378347205,7
sample_4257,-2.2541376921953793,2.0831246810269652,3
sample_4258,-0.46863737134523803,1.0749583591685512,3
sample_4259,2.476740700706303,-1.6394641407229225,8
sample_4260,0.04606914152193055,2.4991190744292204,5
sample_4261,-3.6290191966723127,-1.8248831215862487,9
sample_4262,-0.1252621562297886,-0.36888187203008044,8
sample_4263,-0.42019180664268946,0.9864244175675504,3
sample_4264,-0.9408780986571038,1.8209550879889478,3
sample_4265,-2.720072420570739,-2.8693027138217535,4
sample_4266,-1.2816889696410494,4.0741125215118075,0
sample_4267,-2.529467851151864,-4.190948068220798,7
sample_4268,2.4065700490942343,-3.1499702704029984,1
sample_4269,1.7564758031460375,4.77834216928529,6
sample_4270,1.390913325845763,1.181477709262308,2
sample_4271,-1.9650430048297425,4.67333427962204,0
sample_4272,-0.2576026337080567,1.034855561191516,3
sample_4273,-1.317112752471836,2.6170056832952175,8
sample_4274,-0.8843870641468495,-4.4174313150987405,7
sample_4275,-3.5186134215705676,-2.505060873313776,4
sample_4276,0.1752196929122239,-0.26646176704418995,8
sample_4277,-2.6555174494767066,-2.508735910894281,3
sample_4278,-1.1770959771906007,-3.3547236028075065,9
sample_4279,0.25534457474791894,0.16224829235069826,2
sample_4280,-1.4744534944732106,4.739341874660373,0
sample_4281,-2.353596488467921,-4.096084032179487,7
sample_4282,-0.8113091630682323,1.3415323515669326,3
sample_4283,-0.7305282649638867,0.540344342657789,8
sample_4284,-1.4982229023684615,-2.304712511754544,4
sample_4285,-2.058025580132921,4.8246469164084145,0
sample_4286,-0.9653044151433221,-4.77592314330213,7
sample_4287,2.752457398728537,-2.67517664914989,1
sample_4288,0.15048040115251324,0.03514323176839758,8
sample_4289,-2.2776085771628036,4.749445013745568,0
sample_4290,-1.8466445325296923,4.630894808620023,0
sample_4291,-1.354880813034153,-1.567373427246759,5
sample_4292,2.3726769044305946,-3.4701821561401,1
sample_4293,-2.8336586847875136,-2.349081621912258,4
sample_4294,1.820236055331498,1.5614878702482333,2
sample_4295,3.7600163909276714,-1.2309800985513837,1
sample_4296,-0.6707528685320989,0.6970769291827648,3
sample_4297,-2.8149362686341095,-4.036154417605078,7
sample_4298,-1.3145941838580997,-2.3230109858090815,4
sample_4299,-2.54773031668754,-4.607798353916472,7
sample_4300,0.07429007121483194,2.692781978332962,5
sample_4301,3.094026902550044,-2.221257003812463,1
sample_4302,0.7357955464870226,5.032200590935766,6
sample_4303,-1.8395140718645717,1.8546158185467247,5
sample_4304,-2.3694587383525874,-4.967424447968207,7
sample_4305,-0.3623314362801116,2.5186272637782956,5
sample_4306,0.17866536639434383,-0.1112726081045289,8
sample_4307,-2.7633854201465042,-3.101904512925264,9
sample_4308,-1.3265160613956641,-3.0384919431258743,9
sample_4309,-1.6731608067922286,0.10972044844324715,8
sample_4310,0.5075316246584568,2.687144697226587,5
sample_4311,-2.1628587051127135,4.421639900289989,0
sample_4312,2.2913389843747725,-3.8913390359024085,1
sample_4313,-1.3882933929299148,2.167579593968045,5
sample_4314,-1.5552447603296204,-2.9213970452460454,9
sample_4315,1.4782639853937074,5.040222055618896,6
sample_4316,-1.6883621533382627,-2.3815638566777517,9
sample_4317,-1.8471487745221622,5.025364507906141,0
sample_4318,-0.6910913322747932,-4.406604007374126,7
sample_4319,-3.147352258989442,-2.3403581640638067,4
sample_4320,2.075217907367628,-4.027101686375229,1
sample_4321,-3.2812117234991804,-3.1314011910388158,9
sample_4322,-0.9029171009924373,4.0924390236965555,0
sample_4323,-1.3502822916734247,-0.41139266964224697,2
sample_4324,-1.4733053343152642,-2.883885702815291,9
sample_4325,-1.032260567195703,-0.26001756261040676,8
sample_4326,-0.4256871515676092,3.8057101079344626,0
sample_4327,-2.7079860752291403,-4.353568686798501,7
sample_4328,0.18110153463592507,2.410634809809279,5
sample_4329,-1.815923452727032,0.19355009422065522,3
sample_4330,-0.44822691911995893,-3.568233330986936,9
sample_4331,-2.9373932128798277,-4.589033292246966,7
sample_4332,-0.8858951952340479,-4.753461193634097,7
sample_4333,-0.6374566712618458,-4.594328827621839,7
sample_4334,2.1361615090430237,-4.015584821338016,1
sample_4335,-3.6607800499829763,-2.553353048848732,7
sample_4336,-0.14033079941788357,0.9714494042700099,3
sample_4337,-3.580982950740991,-2.352985232476134,4
sample_4338,0.660155517955919,5.2478759185713635,6
sample_4339,-0.7133602975152217,-4.972288857179124,7
sample_4340,-0.37178782461193993,1.073545733313971,3
sample_4341,-0.7644482093661542,3.5953431159650253,0
sample_4342,1.7260225519127672,1.1662876535230224,2
sample_4343,-2.0496298179605925,1.9793487964782446,3
sample_4344,-0.9885640054708976,3.9108393544788336,0
sample_4345,-2.3784278735667996,4.9521659320025035,0
sample_4346,-0.8402397031111372,-3.658560510592737,9
sample_4347,-2.2324161084962606,-2.907573653858223,4
sample_4348,-1.1142997389255138,4.468462162113323,0
sample_4349,-1.1608396429654426,0.6736952158168641,8
sample_4350,0.7192423519863888,4.935056755372036,6
sample_4351,-3.660170371735541,-2.4673039510311434,9
sample_4352,2.46445230588333,-3.540128518417577,1
sample_4353,-1.808851541122734,0.7842789637348636,3
sample_4354,-1.4570645409361394,-4.681355145724144,7
sample_4355,-3.111461419621347,-4.482914704900232,7
sample_4356,1.5288696284022207,1.9408113071768662,2
sample_4357,-1.5445143045896994,3.674691845661177,0
sample_4358,0.20391202615256795,-0.17605810285044338,8
sample_4359,-2.2444769669139992,-4.311314689236802,7
sample_4360,-0.32821979488837555,1.2516310010160916,3
sample_4361,-0.2850721783412559,5.654210979705917,6
sample_4362,-1.3158594323037758,-2.3947957575567536,4
sample_4363,-1.7370059801667188,5.099561729343193,9
sample_4364,-0.8601426822764854,-4.706589580267847,7
sample_4365,0.8325997266969818,5.357522643871494,6
sample_4366,1.0217167130621487,4.256028324537986,6
sample_4367,-2.3669799315850226,-4.440514124227328,7
sample_4368,0.9814793542673738,4.583072522421333,6
sample_4369,-3.7617705616599917,-2.2215656446129275,9
sample_4370,-0.5304323980196046,0.9327865309688543,3
sample_4371,-1.5476211231806003,-0.01890627017915341,8
sample_4372,1.7524531211303984,1.1235145590463633,2
sample_4373,-2.526541408899517,-4.195072628668255,7
sample_4374,-0.03370492578326194,0.6614615633152012,3
sample_4375,-1.3502258953525863,3.97123500143328,0
sample_4376,0.22180772315855277,-0.16137059690023645,8
sample_4377,-2.4079814560243786,1.7062559471729233,5
sample_4378,-1.2663223820504936,-2.8555610253100796,9
sample_4379,-1.7644768359220881,-3.8675646650252293,9
sample_4380,-0.8111802589837659,-2.9012529418472477,4
sample_4381,1.5979612334507063,0.8687384055045402,2
sample_4382,0.2680160834382753,-0.11916343120668477,8
sample_4383,0.7076793782146352,4.921617238926269,4
sample_4384,0.20402870891582975,-0.3096442869137659,8
sample_4385,-1.618418847797648,-0.06841597566083754,8
sample_4386,-1.0383704655662318,-4.9419115270213405,7
sample_4387,-2.6860887249232595,-3.5040295435158035,4
sample_4388,2.253559912191462,-3.966275171283824,1
sample_4389,-1.4533308311426931,0.14570473237646583,8
sample_4390,-1.1578337306541782,4.427393368295246,0
sample_4391,3.0258812015237897,-2.4313987090781244,1
sample_4392,0.20266859435882575,-0.13489879236177327,8
sample_4393,1.393542182701931,4.052809043405862,6
sample_4394,-0.9502826976838089,-4.7024247394539795,7
sample_4395,-2.3910679637128114,-4.525770999716747,7
sample_4396,-0.8764823153681288,-4.728415809569361,7
sample_4397,-2.517453198965267,-4.380744478657442,7
sample_4398,0.5599000915585881,2.7541852557756386,5
sample_4399,1.815087373623567,1.2931364320010836,2
sample_4400,-0.66122490898479,-3.703731722835934,9
sample_4401,-1.3221242684604149,1.1645332191741153,3
sample_4402,1.9703310384512003,1.2159940532684606,2
sample_4403,1.6917291851194962,3.760187586229259,6
sample_4404,-1.118935007876595,1.2339566066732754,3
sample_4405,1.2906512808373207,4.695968039371117,6
sample_4406,2.2808485999825616,-3.8203726236682733,1
sample_4407,-2.5015217533554606,-2.1614239774324333,4
sample_4408,2.172150219490812,-3.4019654815009224,1
sample_4409,1.9148079447401682,4.4716116576075775,6
sample_4410,-1.5396789991225412,-2.3295706132693317,4
sample_4411,-3.340124580548887,-1.7504897611643493,4
sample_4412,0.36216369033914075,2.606171066996502,5
sample_4413,2.4887346374881814,-3.1058682331943714,1
sample_4414,0.5343183817938322,2.7283300735763993,5
sample_4415,1.9218658179277772,0.4498941292971202,2
sample_4416,-1.0549029913690542,4.346502788282328,0
sample_4417,-1.8850945593837898,-0.5435632377761516,5
sample_4418,-1.3248441676612817,-2.3619112907124586,4
sample_4419,-2.2611256244812155,1.727944726910425,3
sample_4420,0.24514271797778886,-0.3104136783185254,8
sample_4421,2.115252944197491,-4.128041936163875,1
sample_4422,-0.35175387820946885,-4.472966887214812,7
sample_4423,-3.069953779158484,-4.25263581433088,7
sample_4424,-1.0878784896660019,-2.610527919844649,4
sample_4425,-0.12502802849082065,2.4312820066634875,5
sample_4426,-0.536751130421034,-3.6070160714282307,9
sample_4427,0.7282255485830923,5.594067593973391,6
sample_4428,1.8914644895857382,1.715085759441948,2
sample_4429,1.61626120591878,1.5869978342289104,2
sample_4430,-0.2580459910252263,0.8500471787139181,3
sample_4431,0.8877356082789679,5.803247279322272,6
sample_4432,0.8496825783098121,4.949297931582442,6
sample_4433,-1.5359255393318494,-4.578132877472845,7
sample_4434,-1.329086865870575,-2.3630569296065778,4
sample_4435,-2.4088366992269337,1.4121024742881403,8
sample_4436,1.9423236072108028,-3.9201144150296594,1
sample_4437,-2.071562784463075,-2.4875003224939176,4
sample_4438,1.9561792609435873,1.7556448906094604,2
sample_4439,-2.4040359414360437,-3.2162240756411453,4
sample_4440,-1.391163818492469,-2.3562035747881995,4
sample_4441,-1.219047266329401,0.11020348922525788,8
sample_4442,1.9231285565912162,-3.9487508105526925,1
sample_4443,2.172314095097356,0.6211335250707283,2
sample_4444,-0.7320247235995577,2.347417959597854,5
sample_4445,-2.3824551454766048,4.6921751102185105,0
sample_4446,2.0190334409112287,-3.2866979107015357,1
sample_4447,1.4265542590219764,0.21116748416885903,2
sample_4448,-0.9611716959230038,-3.4465099964233774,9
sample_4449,-0.23913714603549102,-0.2040188765387987,8
sample_4450,-0.18680532480070514,1.0818460192032218,3
sample_4451,-0.8619881531285504,2.0031431654008776,5
sample_4452,1.8414220548176738,1.4538277977192313,2
sample_4453,-1.073337596838857,-4.836168462348041,7
sample_4454,-1.2117582448908786,4.546337791546431,0
sample_4455,-2.130807048660068,-2.594562848612107,4
sample_4456,-1.1407527134225017,4.621934928987401,0
sample_4457,-3.014498303003117,-2.122583534445415,9
sample_4458,1.5315505110199934,1.5585747595306176,2
sample_4459,-2.8444288762331866,-4.146312752558555,7
sample_4460,-1.7601437067022436,-2.2608759399923954,9
sample_4461,-1.3106747897720115,-3.858399749431857,4
sample_4462,-0.2199671150714746,1.0612403561126986,3
sample_4463,-2.091216959744757,1.9778434683762847,5
sample_4464,0.41975514432800487,5.594981839952755,6
sample_4465,-2.9109597120311523,-2.831914985138301,4
sample_4466,-2.053085533242337,4.968108055826443,0
sample_4467,-3.6216357304672036,-1.846856266084664,9
sample_4468,3.749420537521494,-0.9811293144727583,1
sample_4469,-0.988930443794746,0.5494747912456664,8
sample_4470,2.310076535939277,0.6194544288198283,2
sample_4471,3.0010167222883886,-1.7307791737624099,1
sample_4472,-2.4062723593494852,1.421777353386685,3
sample_4473,-3.1140867974818254,-4.3500449428432475,7
sample_4474,-3.5382288315322183,-1.6667945972083031,4
sample_4475,1.4342696004031612,1.3425236048793823,2
sample_4476,-2.4129943571957595,1.5866656343752157,5
sample_4477,2.7327582823977314,-2.1271111870999744,2
sample_4478,0.5329537982250232,5.948383968823883,6
sample_4479,-3.109636526607206,-4.522214343174928,7
sample_4480,-2.7437882036093586,-4.18728031805318,7
sample_4481,0.17048789415280824,2.0880572260060766,5
sample_4482,-2.099835606872406,0.33527807437008694,8
sample_4483,-0.34704508982756427,0.16285981088001503,8
sample_4484,-3.660324455965659,-2.4106707746330223,9
sample_4485,3.27599435899649,-2.0136360668449513,1
sample_4486,-1.789838771130022,5.121705447375511,0
sample_4487,3.5963164400100647,-1.0874066522143138,1
sample_4488,2.622393631343974,-2.399375091464892,1
sample_4489,-1.3286583043261166,3.3793597798465234,0
sample_4490,2.102615223437208,1.0396396280441675,2
sample_4491,-1.45199926777508,0.9269653505402281,3
sample_4492,-2.258800633174956,1.6295847893994904,3
sample_4493,3.5618792259825285,-1.4336940300404915,1
sample_4494,-2.083652749023754,-2.646200033807851,4
sample_4495,-2.924086355101078,-2.395073883040038,4
sample_4496,-2.0545409552702725,2.5288489029510237,5
sample_4497,-2.215730586365776,4.104649507446763,0
sample_4498,0.4916119345424718,5.875012623315879,6
sample_4499,-3.022582368918336,-3.34785264802992,4
sample_4500,-2.5031509011314053,-4.842232520171247,7
sample_4501,-1.8451725391013376,5.105787812928915,0
sample_4502,-0.4955122571806763,-0.22814740885175422,8
sample_4503,0.8818769229050577,0.5073144337369679,1
sample_4504,-2.0954701980178068,-3.6705013216566273,9
sample_4505,3.981284003201719,-1.093799143056637,1
sample_4506,-2.148240127301182,4.83614002576388,0
sample_4507,-1.4239466592885797,1.2989453569266651,3
sample_4508,2.674101329516522,-2.3503748094299217,1
sample_4509,-1.718792353961827,1.7389892773186595,3
sample_4510,2.2027890956112794,0.616203734373497,2
sample_4511,-1.9518992299687843,0.6309332298522524,3
sample_4512,-2.1367543348615494,1.9736092930541107,3
sample_4513,-1.8129474031612902,1.0215965287096718,3
sample_4514,-2.1997419253095862,-2.590945034236798,4
sample_4515,0.5803052512687165,0.7728577748360604,2
sample_4516,-0.43011133091132314,2.2917815694302925,5
sample_4517,-1.2838061348371987,-4.6523960282821175,7
sample_4518,0.8559745446851271,5.584252649457288,6
sample_4519,1.002874853884566,0.3602891758704981,2
sample_4520,-2.4191474306381346,-5.074853725360177,7
sample_4521,1.2013272784502111,5.378014761929035,6
sample_4522,-0.6959603434325281,-0.1223627882894664,8
sample_4523,-2.7080978149399733,-2.8682106094423836,4
sample_4524,-1.6158255023151264,-4.01662247189692,9
sample_4525,2.7153404402290326,-2.697026257237729,1
sample_4526,-1.4223921023989288,-0.3863487371684147,8
sample_4527,0.9803401198362729,5.0598691664522795,6
sample_4528,-2.3879441206595726,4.5774387538363355,0
sample_4529,-1.0130535858551208,-4.974079009914366,7
sample_4530,-1.9665316375777337,2.3033972425244547,5
sample_4531,-2.7389722463344834,-3.740785371397899,7
sample_4532,0.6403025059806019,5.65342074873188,6
sample_4533,-2.441032397663754,4.734736963550563,0
sample_4534,0.9500859449216943,5.380640681644518,6
sample_4535,4.028869931757141,-0.9981026528207363,1
sample_4536,-1.7893831370468674,5.0894268813030035,0
sample_4537,1.7079195789357846,4.756080952140478,6
sample_4538,-1.2164576528544186,-0.4609865598841177,8
sample_4539,-3.5414856360503637,-2.399714811107819,4
sample_4540,-1.645176346618715,4.5774474088662025,0
sample_4541,-3.639287080531237,-2.527576612178936,4
sample_4542,2.3036158292451083,0.6819123949576206,2
sample_4543,1.4920476275146612,1.1888472539399675,2
sample_4544,-2.149599161117937,1.3594984233761136,3
sample_4545,-3.605566505976706,-2.5488955733317034,9
sample_4546,-2.552984047453431,-5.037639587035152,7
sample_4547,1.2527365856413917,5.409222614626903,6
sample_4548,-1.8258393450853372,-2.8788954537694025,9
sample_4549,-1.9711482137750187,-4.3629500752044175,7
sample_4550,-1.8143784810348447,-2.7697029427292614,4
sample_4551,1.1849212589800018,0.3889670704950558,2
sample_4552,-1.8051570713690563,-4.647213892522205,7
sample_4553,-1.9467050513711126,1.4324590679871894,3
sample_4554,2.343860093586767,-3.366370655488007,1
sample_4555,2.859666090433955,-2.4843717240845904,1
sample_4556,-1.8793984622150979,-3.7198997213566733,9
sample_4557,-1.6397106851769654,3.835231834067954,0
sample_4558,2.5854598859489757,-2.775876301022354,1
sample_4559,-0.07283852495745244,2.097877375699422,5
sample_4560,-1.0587916079627975,-4.795369116189862,7
sample_4561,1.4612811068563083,4.4365020222008535,6
sample_4562,2.3732761921505263,-3.3338829001705594,1
sample_4563,-1.380522231182421,0.3508426586321431,5
sample_4564,-1.5718810441388984,3.99663030955294,0
sample_4565,-2.881457823411073,-2.034002019136125,4
sample_4566,-1.8695929297327156,4.063380491520798,0
sample_4567,2.6993713375481994,-2.7678977162156073,1
sample_4568,-2.005915751920705,-3.1969897768587563,4
sample_4569,-3.444193474065545,-2.4499972585760648,9
sample_4570,2.3803387141926438,-3.107602205527818,1
sample_4571,-2.2039924253079555,1.8450735884457665,3
sample_4572,-2.4099147096518556,-5.11296335357439,7
sample_4573,1.1889204901763024,4.777007970800397,6
sample_4574,-1.7854233345507922,2.252006116194071,5
sample_4575,1.7557912473346466,1.602331522051314,2
sample_4576,-1.1405553015172374,-4.721770971075685,7
sample_4577,1.459785856239354,1.5185213337578571,2
sample_4578,2.539165343317118,-2.9819413655909868,1
sample_4579,3.019070091703242,-1.5407410168003763,8
sample_4580,-1.7599443536264643,1.9007035129564724,3
sample_4581,-0.7040222587253363,-0.36017947169202863,8
sample_4582,-2.174038583258702,1.5439429984785575,3
sample_4583,-1.3452434511141642,0.428858627024975,8
sample_4584,-1.6915148701366507,1.7855819804584905,3
sample_4585,-1.764168502390838,1.8827320769983389,3
sample_4586,2.5531215882449665,-2.8765298937994097,1
sample_4587,0.838231700803418,5.823854235081422,6
sample_4588,0.6883078899249572,5.54625193357827,6
sample_4589,-1.7264951391626853,4.083503218231956,0
sample_4590,-2.1415991383229027,-3.676458286518306,9
sample_4591,-2.587109602035191,0.891498616224072,5
sample_4592,-1.7190989672324237,-4.976742864807649,7
sample_4593,-3.5821204479543782,-2.9114911271910286,7
sample_4594,-2.298383533153365,-2.259956339080603,4
sample_4595,-3.2295409030261384,-2.9085223167875682,9
sample_4596,-1.6108547655163288,1.9712104149858447,3
sample_4597,-2.0984310812972664,-1.0194354296185708,5
sample_4598,-1.6635787101988069,4.5230429061245365,0
sample_4599,-0.867052590244013,-0.29497607337341836,8
sample_4600,1.868817035568083,1.6578440287427796,2
sample_4601,-1.5988726713324455,1.4289884312000216,5
sample_4602,-1.807384809296014,2.4240544859141466,5
sample_4603,3.8974815304170205,-0.9794971946257245,1
sample_4604,1.9702889818761198,1.709474631617045,2
sample_4605,-2.025558934209614,-4.278757953167115,7
sample_4606,0.46727687144642044,5.969889555612368,6
sample_4607,-3.6180769119987586,-1.7816994084337057,9
sample_4608,-2.1350803202989734,4.887294711646312,0
sample_4609,-1.9292409385243734,4.297975725759336,0
sample_4610,-0.6526529009971411,-0.26458331310747857,8
sample_4611,1.6558182434587974,0.6465668124861376,2
sample_4612,-2.1645532899419093,-2.501773776259568,9
sample_4613,1.6237345078979937,4.416767161433189,6
sample_4614,-2.8756041493915174,-1.8650223053054353,4
sample_4615,-1.3024386198993734,-1.1081950273777679,5
sample_4616,-1.3250785233140576,1.7801058274597925,3
sample_4617,-3.386580868765943,-1.7153021316651662,4
sample_4618,-2.0169278765330194,2.28172816417083,5
sample_4619,-2.947441366316467,-4.468059978799879,7
sample_4620,-0.4854647325438035,-2.9639298215530703,4
sample_4621,1.685393477715909,4.360634370930844,6
sample_4622,-1.0412888145926669,-0.0846522832904649,8
sample_4623,-0.8111033829179961,2.1554327794776604,5
sample_4624,2.248029495440241,-2.900538675578642,1
sample_4625,-1.5014534336177374,3.6549428125120866,0
sample_4626,-0.9253774375110153,2.514720569741369,5
sample_4627,-3.507416007672154,-1.7964797727330644,4
sample_4628,-1.897346405663535,-3.51526550620617,9
sample_4629,-0.6559755682206574,1.3856348460915227,3
sample_4630,-1.8324888604382321,4.7142928088502885,0
sample_4631,-3.32253414988412,-2.903909338094542,9
sample_4632,0.8490452408602271,5.417984743399354,6
sample_4633,-0.46115005612964266,0.8997672667845633,3
sample_4634,-2.272656242956835,-2.2974334822198044,4
sample_4635,2.6483459445022723,-2.355889995422192,8
sample_4636,0.7223492701655347,5.660584814985522,6
sample_4637,-0.17685120931374748,-3.972233320580037,4
sample_4638,-1.421054800814572,-0.49485306622698144,8
sample_4639,2.968983887948548,-1.7093379745846322,3
sample_4640,2.8117467593473373,-2.4975190717291813,1
sample_4641,0.6770295593154616,4.604089832302443,6
sample_4642,-2.3616534266151445,-2.2808607253205655,4
sample_4643,-2.031878914606529,4.882571912606094,0
sample_4644,-0.586951991628481,-4.476959104610861,7
sample_4645,3.870989721013842,-1.536039247074639,1
sample_4646,-1.6873113216825508,2.6109720441925597,5
sample_4647,1.2146814032782371,4.1464082224079215,2
sample_4648,-2.2944289898401795,-4.892250379835413,7
sample_4649,1.6696341489610012,0.7663609125087084,2
sample_4650,2.3383044394296233,0.608562555144076,2
sample_4651,1.4194141755689036,0.36245404481859894,2
sample_4652,2.0726941798005325,0.49547527025991617,2
sample_4653,-0.8137558599228398,-0.42857681846660106,8
sample_4654,-2.0541430233404685,4.899733951585472,0
sample_4655,2.3114211633649875,-2.4470603160470836,1
sample_4656,-2.068708815710607,4.8142669633846005,0
sample_4657,-1.8098402107650156,4.397978613903539,0
sample_4658,2.89677334600284,-2.4825218457682814,1
sample_4659,-1.4855605203779279,1.0853650560696384,3
sample_4660,-2.0815797706563677,-5.025760180631626,7
sample_4661,1.029799642129471,5.303697811783445,6
sample_4662,-1.6021024721066672,-4.738764372875408,7
sample_4663,1.6756448645970026,1.5514180299821574,2
sample_4664,-2.232668982015433,-3.6557237549618486,9
sample_4665,2.0265578027330364,0.5360336823588199,2
sample_4666,-1.972819483420029,2.564981707673079,5
sample_4667,1.111856478169791,5.274538814946412,5
sample_4668,-1.1843739962307624,-3.8753367066179547,9
sample_4669,-3.6313069537076785,-1.8622257760238854,9
sample_4670,-0.6841533719535718,-0.22774258183787038,8
sample_4671,-1.9002233951045193,1.7166117590471093,5
sample_4672,-1.2973303711300674,-3.77897106105938,9
sample_4673,-1.2725891156531124,-4.7956863480763205,7
sample_4674,0.7697739180626636,5.3040134158188,6
sample_4675,-1.2138310630032163,1.2208244685086302,3
sample_4676,-0.1645384985781851,-0.11634020780616056,8
sample_4677,1.8725485219288458,-4.18257618205357,1
sample_4678,-1.1655262714326549,0.22108143224180873,8
sample_4679,-3.7500048139035367,-1.758545248041426,9
sample_4680,2.3180574827476743,0.6436417468611014,2
sample_4681,-2.42980455531161,-3.9718792693477702,7
sample_4682,-2.1468144651176075,1.884408422346532,3
sample_4683,-1.9183823536367888,5.13017070142198,0
sample_4684,0.4003334669566271,5.914478574307743,6
sample_4685,-1.8215696783027382,1.0774886627513443,8
sample_4686,1.9511727968550547,-3.18108090446397,1
sample_4687,-2.3869920079579683,4.451684715294618,0
sample_4688,2.3326474683534695,0.7398144763890914,2
sample_4689,-2.4971162758585557,4.800849232778917,0
sample_4690,-2.6603033208755327,-4.122917566766762,9
sample_4691,-1.8722471974039547,-3.957294872478396,9
sample_4692,-0.9452523230827711,-0.20738076088200474,8
sample_4693,-2.215176852290748,1.0772930299478265,8
sample_4694,-1.555264910326202,-2.959371984265113,9
sample_4695,-2.3531267592718077,1.7493322965857259,3
sample_4696,0.5324960440516036,2.767895176803829,5
sample_4697,4.07880551176133,-0.953421609215762,1
sample_4698,1.787012092204217,1.177772147560724,2
sample_4699,-1.5195796410360074,0.301110106497719,8
sample_4700,0.6110681043543428,5.815013114498828,6
sample_4701,-0.841829311744686,0.4231239373686812,8
sample_4702,2.3612565989549514,0.6492633737278346,2
sample_4703,1.7133363182923331,4.318105985817275,6
sample_4704,-1.8119988317147147,-2.363874277659069,4
sample_4705,-0.8669440760131767,2.0205384508633153,5
sample_4706,-0.08392275919212012,0.08797724262057262,8
sample_4707,1.1877291825325278,0.3474492527348277,2
sample_4708,-2.350167240795781,-2.25709426803945,4
sample_4709,2.697042341044906,-2.456890941592828,1
sample_4710,0.8970426130451681,5.6331381371764975,6
sample_4711,3.392488077916677,-1.0739881300614862,1
sample_4712,0.32462776643273067,2.646689445353667,5
sample_4713,1.72786767804258,4.9197145739865835,6
sample_4714,-2.2651364654567625,4.9387549056469595,0
sample_4715,1.2595545745116297,0.6120125816648885,2
sample_4716,3.6255775774758705,-0.8366742318904952,1
sample_4717,1.5636471522037059,0.45865844182289983,2
sample_4718,1.6961101736395945,0.8835019140628366,2
sample_4719,-1.1223609923962683,3.5809486808045103,0
sample_4720,-2.081485757876765,1.37179828443861,3
sample_4721,-2.477052456229572,-3.6370969448681074,9
sample_4722,-3.6379277701827823,-1.9328180656202187,4
sample_4723,1.5759362074047,1.2580858909625212,2
sample_4724,-2.1859782145936246,2.2552715769087204,5
sample_4725,0.9283440565827874,5.754869849688749,6
sample_4726,-3.9327685690047405,-1.9053371668139594,7
sample_4727,-2.9216965520062983,-4.84227663522433,7
sample_4728,-2.208774716384232,0.22591522477813186,8
sample_4729,0.013523863818068034,1.8356209192531858,5
sample_4730,-2.3201144096673803,4.738437784125229,0
sample_4731,-3.539464685746497,-1.6830290423545156,4
sample_4732,3.8161590287667497,-1.2030303170300511,1
sample_4733,1.495566769014398,4.695130043992013,6
sample_4734,1.4630356160810825,1.0486188572558388,2
sample_4735,-2.3818433505525856,-4.068993490695376,7
sample_4736,-1.9253934495770828,1.4072417328473192,3
sample_4737,-1.5770455586978371,1.3324137132356437,3
sample_4738,-3.565396812567722,-1.9655816653073217,4
sample_4739,-1.625725880397658,5.00035947253183,0
sample_4740,-2.2138602117936883,2.092772427807267,5
sample_4741,-0.6171577132331888,1.431196141228911,3
sample_4742,0.5621006561232762,5.747243398734577,6
sample_4743,-0.8620003873571719,1.0842504075397306,3
sample_4744,-3.8412339141162835,-2.090240602976409,7
sample_4745,-2.3338587102745865,4.576309299448388,0
sample_4746,-2.1298180060112673,0.33113000171638374,8
sample_4747,-3.3999856892807228,-2.580629443906877,4
sample_4748,-3.214724193929617,-2.790586186878754,9
sample_4749,-1.7271369785422115,4.430177440477207,0
sample_4750,-1.9503505154903849,4.980175344861953,0
sample_4751,3.710396640952062,-1.430464705543247,1
sample_4752,3.707269713613106,-0.9670962372202686,1
sample_4753,-0.6973331472079982,1.2230864148717622,5
sample_4754,1.9259239358199567,0.7551058946365544,2
sample_4755,-2.2240719077139555,-3.0853714513755692,9
sample_4756,-1.9836481250704812,1.8599866435160022,3
sample_4757,-1.3197225070359357,3.6269002661866074,0
sample_4758,-3.524057684087915,-1.6842262335073583,4
sample_4759,-2.985533089762014,-1.9451119514592397,4
sample_4760,-3.8255529116758926,-2.1321593579637446,7
sample_4761,-1.9117755371793852,2.3891851154747097,5
sample_4762,-2.2584181946354756,0.23484781926901419,8
sample_4763,-2.373013604854495,-4.4116151622156075,3
sample_4764,3.873920512385601,-0.945989244281284,1
sample_4765,3.6384360348919484,-1.3867951586491623,1
sample_4766,0.6165756039108964,5.798663347970872,6
sample_4767,3.3965826328835833,-1.8051587595872352,1
sample_4768,-2.5326538014758775,0.4679049555657106,8
sample_4769,-2.897642021960263,-3.29767015686301,4
sample_4770,-3.6572463043265717,-2.0047578952727063,9
sample_4771,0.8380184093806832,5.403353298840165,6
sample_4772,-3.630747311162657,-2.4506314188444307,9
sample_4773,3.3058013531534245,-1.9785474528273366,1
sample_4774,-2.362871520698753,4.849895342539123,0
sample_4775,-1.736343357071163,-4.618716400002573,7
sample_4776,3.6191495786628143,-1.0958478633208202,1
sample_4777,-1.116677890802202,3.6170243808721256,0
sample_4778,1.666534632140575,0.9450502261778284,2
sample_4779,0.942338300952853,5.513748578908568,6
sample_4780,-3.382530304484328,-2.1250097589621304,4
sample_4781,-2.598883184371487,-3.2070684527765003,4
sample_4782,-3.557807000401399,-1.8427140021254405,4
sample_4783,-2.284884748580784,-2.7239260077418552,4
sample_4784,-1.9245684597228307,1.6574762872909052,3
sample_4785,-3.134342258887793,-2.7011678522341764,7
sample_4786,-3.95575455188731,-1.860480331303808,7
sample_4787,-1.1822293227386598,0.9536936455665099,5
sample_4788,-3.6193179462784886,-1.7078679845310683,4
sample_4789,-3.3680678791108507,-2.128215297697551,9
sample_4790,-3.459372854714776,-2.2420311941511892,4
sample_4791,3.8634026606223206,-1.1089632540370573,1
sample_4792,-3.5016758720160093,-1.989958213879471,4
sample_4793,-0.343956158346024,0.9553323812548022,3
sample_4794,-2.431750192434855,4.754755160872477,0
sample_4795,-3.1665668784637755,-4.337813922559822,7
sample_4796,-2.027229467590023,1.0601045977647146,3
sample_4797,-3.5404127403058894,-1.9866136369176723,4
sample_4798,-2.5843395928658826,0.4254519738632719,8
sample_4799,-2.698836766264736,-2.8150859316012746,4
sample_4800,-3.8884242079734173,-1.9405867290023866,7
sample_4801,0.876784104415366,5.248436467338709,6
sample_4802,-2.4646815402164766,0.9045924494106413,5
sample_4803,-2.8245590593022527,-2.9524621740850683,4
sample_4804,-1.293866202887595,-0.18854142135770485,8
sample_4805,-0.8295748210708952,3.42511619975062,0
sample_4806,1.6692339449865117,0.670351631711548,2
sample_4807,-1.9987350094237784,-4.574113348386584,7
sample_4808,3.609007683148779,-1.3214132343743599,1
sample_4809,-1.2316798798669797,1.7929196702795407,3
sample_4810,-3.105312897252265,-3.8873548181592805,7
sample_4811,2.7431751063013565,-1.7277955737110016,1
sample_4812,-3.5404892615427275,-2.5317853758466082,9
sample_4813,-1.8653200256949094,-3.5585092980996422,4
sample_4814,3.9176867870951058,-1.041398544513375,1
sample_4815,-2.3972493672149167,0.7773322926588186,8
sample_4816,3.9447036782808387,-1.2495164448913842,1
sample_4817,-1.1781559494364238,-3.7471899908002664,9
sample_4818,0.5210409599009327,5.863352099273607,6
sample_4819,1.9349618340833896,4.3560352280112715,6
sample_4820,1.472772282945471,0.6627184929208645,2
sample_4821,-2.555434665137942,4.563607569063995,5
sample_4822,3.9996915998928855,-1.007934187714895,1
sample_4823,-1.3974382570899628,-3.8943629740439,4
sample_4824,-2.089877930881982,1.0683772315555404,3
sample_4825,-2.6564447177707478,-2.476021646964855,9
sample_4826,-1.4845531526781912,-0.3454166212428366,8
sample_4827,-2.7434378163819084,-3.2710165609030506,9
sample_4828,0.6851515191219628,5.847452654762451,6
sample_4829,1.853747202806844,4.771294709364666,6
sample_4830,-3.5511688498519236,-1.8100886641230105,4
sample_4831,-2.9793601685070015,-3.164865159955252,9
sample_4832,-3.6846677402980323,-1.6870336854967496,9
sample_4833,-2.4748407682924123,-4.132329725956783,7
sample_4834,-3.3822820739268487,-1.8530497383811475,4
sample_4835,-2.340005185838042,4.414518416122919,8
sample_4836,1.665036051403294,1.2435547496571426,2
sample_4837,-1.7897405542492175,2.098732085682496,3
sample_4838,-3.53807310845256,-1.7067874936567953,4
sample_4839,-2.8800899931367048,-1.9615243915980303,4
sample_4840,-3.559325695349357,-1.950437919866899,4
sample_4841,-2.879387478138705,-4.270004987863218,7
sample_4842,0.40288783095883984,5.798290668795214,6
sample_4843,-2.5298512847945096,-3.853645440033446,7
sample_4844,1.4195180730965165,1.0457307245518606,2
sample_4845,-1.1780230488338446,1.876031250338025,5
sample_4846,-2.2680407893851466,2.0586126308901385,5
sample_4847,-2.4637534355601094,-3.9807305765561103,2
sample_4848,-2.2541209805555127,1.1360219389686494,5
sample_4849,-1.0027648973764813,0.25483574826476574,8
sample_4850,-2.4968943241953188,4.767027608654372,0
sample_4851,-2.1310422039044123,1.5953409034145907,3
sample_4852,1.9768626072112143,0.6963721087595515,2
sample_4853,-2.351649724592812,4.775576443923822,0
sample_4854,-2.0459452663393085,0.24331588708127666,8
sample_4855,-1.7560136313020054,4.333260619999707,0
sample_4856,-2.441884427160492,4.6560656326222825,0
sample_4857,2.1390831463106097,0.6720396174700339,2
sample_4858,0.3008230953892404,5.835441194363318,6
sample_4859,-0.4110282150380447,-4.738176540011711,7
sample_4860,-2.017775904854057,0.47731053052112776,8
sample_4861,-1.5580578305078956,0.5917558433501655,8
sample_4862,3.981132721373458,-0.955388611753463,1
sample_4863,-1.2696876783850068,-0.42908210791935536,8
sample_4864,-3.872570029106729,-1.7941292293895612,7
sample_4865,-2.0665703542067413,0.5487675578328928,3
sample_4866,3.635159091817854,-1.0831299425428524,1
sample_4867,-2.105223512998408,0.07807414242286917,3
sample_4868,0.3764672705767389,5.794469085244811,6
sample_4869,-2.075723310422679,1.2249284586746338,3
sample_4870,-3.2962772258033968,-3.4257233700968244,7
sample_4871,-2.306173623176053,4.544877542853999,0
sample_4872,0.953853099384761,5.655331863563372,6
sample_4873,3.7465378583748996,-1.1643575900389371,1
sample_4874,-2.7147608391374476,0.20836606266592234,8
sample_4875,-3.1728853016212493,-2.8839774026243683,4
sample_4876,-3.9421899824458353,-1.7850068786130249,7
sample_4877,-2.569993885379679,-4.265467759578268,7
sample_4878,-3.5049558053972536,-1.7836036693871211,4
sample_4879,-1.6226704866845387,1.2254555399382785,3
sample_4880,-3.7837332300106072,-1.670560037263397,9
sample_4881,2.0484630186568165,1.14312676890689,2
sample_4882,-1.9957171358295038,1.4140808326654009,3
sample_4883,1.064586278831743,5.088967473426674,6
sample_4884,-2.25708608960023,1.193379354554365,3
sample_4885,3.203167662576613,-1.763202841349906,1
sample_4886,-2.4885341767176685,1.2762968143318347,5
sample_4887,0.9078852595750744,5.132096794774784,6
sample_4888,-1.5650200898751374,-0.4626331350919363,8
sample_4889,-2.5843999121972994,-4.999126380313916,7
sample_4890,-2.46850164305294,4.761403520592016,0
sample_4891,-2.2317811159479892,-2.370873585102877,4
sample_4892,-2.0815273556305858,1.4595388406321423,3
sample_4893,-2.406751363835079,4.587695909054106,0
sample_4894,-3.9400255978573266,-1.9197907580022184,7
sample_4895,-2.754071637651899,-3.3580632640242776,9
sample_4896,-3.7075804239083747,-1.8615770338263558,9
sample_4897,-3.4608420755283955,-2.3413315845032083,4
sample_4898,-3.1432383850186003,-4.191830994590024,7
sample_4899,-1.9386675025767233,1.200328146469456,3
sample_4900,-3.159192215659618,-4.1805712941412,7
sample_4901,3.9216915448272145,-1.1388832308602772,1
sample_4902,-3.6110820134971684,-1.8735883946539966,9
sample_4903,-3.1952983050106867,-2.9912777736483376,9
sample_4904,3.6652691599107152,-1.4217217483667088,1
sample_4905,-1.5409950550196412,-2.912786945684303,7
sample_4906,0.5001720422663325,5.788789926588606,6
sample_4907,-2.113023174349734,4.755645541238727,0
sample_4908,-3.670462040557817,-2.6412182685492387,7
sample_4909,2.8590383644400554,-1.7304443345060196,5
sample_4910,-2.59741002666156,0.3000876547024015,8
sample_4911,1.5703168882471343,5.122513137799313,6
sample_4912,-1.8798813874737075,4.202725304589117,0
sample_4913,-2.8851928306192787,-3.3434654343494543,9
sample_4914,2.937318733325795,-2.1744196791728188,1
sample_4915,1.8290385199572134,0.18500211893184065,2
sample_4916,1.196252104819441,0.8328707285502597,2
sample_4917,-2.9950248168584266,-2.8875332192333487,9
sample_4918,-0.8802448939335066,1.275821988752294,3
sample_4919,-0.6502948674520812,3.725798694062296,0
sample_4920,-2.1289490032155336,-2.2094425939821027,4
sample_4921,3.6854515483386923,-1.8424746002607693,1
sample_4922,0.33858542985597684,2.7444031639475734,5
sample_4923,0.4282418946104521,5.967754290756571,6
sample_4924,1.0115272427466102,4.625361963601144,6
sample_4925,3.573372833966803,-1.547991693624085,1
sample_4926,-0.6039698494763193,-4.790365538836759,7
sample_4927,-2.2419024003454937,4.798866945365294,0
sample_4928,-0.4565365660705379,-0.48769981083219716,8
sample_4929,-3.3367200010864013,-4.3442133388408,7
sample_4930,-1.6671090653922254,-2.3407664243461688,9
sample_4931,1.1683174234900848,5.382709547300434,6
sample_4932,-1.5787084682079573,4.139979291969033,0
sample_4933,-1.0760461048518584,-3.7302015061442626,9
sample_4934,2.3187980559421772,-3.471855048431797,1
sample_4935,0.8534890195334378,5.581008900476763,6
sample_4936,0.1060860782623852,1.2499628322813179,2
sample_4937,-3.24075601841635,-2.992326477346073,9
sample_4938,-0.7732356348136273,1.068448682017591,3
sample_4939,1.7945460394955968,1.5754760343992262,2
sample_4940,-0.7840741143396758,-3.0736025282969113,4
sample_4941,0.49987901895496983,2.6834347428406855,5
sample_4942,0.6683816017373435,2.7869772560520882,5
sample_4943,4.026642041534742,-0.9799012586768916,1
sample_4944,1.2798431451994352,4.064570920604074,6
sample_4945,3.7675418599663155,-1.480567325274571,1
sample_4946,-0.1624058935973816,-4.184556345198923,7
sample_4947,-2.6552924988106246,-4.04638063620477,7
sample_4948,-0.13814409290942814,0.1304050351549784,8
sample_4949,-2.321587655983405,2.2746033426621577,5
sample_4950,-0.8741774054753332,-3.335936956886561,9
sample_4951,3.867658817328767,-1.3345522113643384,1
sample_4952,-1.2023509937732477,4.441189852721218,0
sample_4953,-3.376653880441793,-1.516946692384244,4
sample_4954,2.7480508734790643,-2.603570967232742,1
sample_4955,-3.517256958543875,-2.1849832388813786,4
sample_4956,-1.3128812413833617,3.1542047153838206,2
sample_4957,-2.0017184694555503,1.3196717471448036,3
sample_4958,-0.9866203612003328,1.124363516431322,3
sample_4959,3.9317752118761127,-1.1480777049395203,1
sample_4960,-1.7106238383603098,-2.4988581063188433,4
sample_4961,3.80538392090803,-1.47142502801694,1
sample_4962,0.5926192867879034,2.8196367294710503,5
sample_4963,-1.6590493121328072,3.6601858880664397,0
sample_4964,1.2635702854797655,4.761126105935633,6
sample_4965,-2.9455440559410837,-3.6079410966777323,7
sample_4966,-1.0392820913342005,-4.867706617327299,7
sample_4967,-1.3350120646625443,1.0786630302512552,3
sample_4968,0.048380067418149965,0.017644271818955608,8
sample_4969,-1.3276930773216733,1.543876222923476,9
sample_4970,-0.8037629298668043,1.957604178839175,5
sample_4971,3.770826393945225,-0.8668320780772334,1
sample_4972,3.8483605744395013,-1.6617845284545192,1
sample_4973,3.16730012193108,-2.328229541857443,1
sample_4974,-1.7771196434752228,-3.3584372428254254,9
sample_4975,-1.7338952861594101,0.7272461750232242,5
sample_4976,-1.9930230763786068,-3.172129950800975,9
sample_4977,3.918156997968772,-1.1723404841094307,1
sample_4978,-1.7331774223915046,-4.724585243540684,7
sample_4979,3.292973988527431,-2.0055118914665124,1
sample_4980,2.640570316443798,-2.6563547228498012,1
sample_4981,1.752479795829175,4.327608109445697,6
sample_4982,-1.3639203846934096,3.9759006182853756,0
sample_4983,-0.27565991328026174,0.12140498410270253,8
sample_4984,-1.5562779375285059,-2.8793724853870692,9
sample_4985,-2.0077390790298533,-5.14347521947802,7
sample_4986,-1.7678420870187634,4.691192049636206,0
sample_4987,2.3532702455627756,0.04584291311690769,2
sample_4988,-0.41939474998967174,2.6865480379771904,5
sample_4989,-0.7906541085715428,1.1352995225575795,3
sample_4990,-0.9847324954861398,-3.50834537781183,9
sample_4991,0.9470434037809254,5.275995772842938,6
sample_4992,-1.1050713424502612,-4.708770422496396,7
sample_4993,-0.9202704090545322,-0.29136231709800975,8
sample_4994,2.5545809101874792,-2.8512265931330973,1
sample_4995,-2.325315403035175,4.718048007391081,0
sample_4996,-1.0287870768111664,-4.756367828818685,7
sample_4997,-0.428934277115884,1.092951669315777,3
sample_4998,1.2788153259581696,1.1407326213546387,2
sample_4999,3.3672950595073363,-2.1313444207525185,1
sample_5000,1.4613881438871554,0.6317085816716796,2
