Identifier,NodeType,PageRank
algorithm,,0.260770594647373
base,,0.0625146708527594
have,,0.0337880935782837
implements,,0.0337880935782837
important,,0.0625146708527594
on,,0.115655003115514
pagerank,,0.267089921787415
show,,0.0337880935782837
significance,,0.0625146708527594
textrank,,0.0337880935782837
the,,0.0337880935782837
