{"Factor":[-7.53,2.0376923076923079],"FitedYlist":[-5.4923076923076923,-3.4546153846153844,-1.4169230769230765,0.62076923076923141,2.6584615384615384,4.6961538461538472,6.733846153846156,8.7715384615384622,10.809230769230769,12.846923076923076,14.884615384615387,16.922307692307694,18.96,20.997692307692311,23.035384615384618,25.073076923076925,27.110769230769236,29.14846153846154,31.18615384615385,33.223846153846154,35.261538461538464,37.299230769230775,39.336923076923078,41.374615384615389,43.4123076923077],"RMSE":12.45971601108641,"SSE":3881.1130769230767,"SSR":5397.8469230769251}