{"Factor":[7.6504347826087065,-1.3357376439985154,0.12974730583426242],"FitedYlist":[6.4444444444444535,5.4979487179487254,4.8109476031215213,4.3834410999628437,4.21542920847269,4.30691192865106,4.6578892604979574,5.2683612040133783,6.1383277591973249,7.2677889260497954,8.65674470457079,10.305195094760308,12.213140096618353,14.380579710144925,16.807513935340019,19.493942772203638,22.439866220735784,25.645284280936455,29.110196952805644,32.834604236343367,36.818506131549611,41.061902638424378,45.564793756967674,50.327179487179485,55.349059829059833],"RMSE":10.908872792882724,"SSE":2975.0876402824229,"SSR":6303.8723597175767}